first_name,last_name,email,gender,age,car,job,favourite_film
Emma,Hemphill,ehemphill0@nsw.gov.au,Female,74,Renault,Human Resources Manager,Thriller
Brittany,Cadogan,bcadogan1@twitter.com,Female,67,Fiat,Social Worker,Comedy
Stefa,Brooke,sbrooke2@time.com,Female,32,Opel,Product Engineer,Drama
Verney,Tench,vtench3@sitemeter.com,Male,30,Renault,Food Chemist,Drama
Jennette,Rishbrook,jrishbrook4@chron.com,Female,46,Renault,Financial Analyst,Thriller
Ynes,Ipwell,yipwell5@myspace.com,Female,67,Renault,Software Consultant,Thriller
Stanford,Bert,sbert6@ebay.co.uk,Male,33,Opel,Nuclear Power Engineer,Thriller
Katrine,Reilingen,kreilingen7@issuu.com,Female,32,Renault,Tax Accountant,Thriller
Bell,Donlon,bdonlon8@sciencedaily.com,Female,45,Opel,Data Coordiator,Comedy
Hinda,Thackeray,hthackeray9@go.com,Female,21,Opel,Senior Editor,Comedy
Yves,Bauduin,ybauduina@usgs.gov,Male,56,Opel,VP Product Management,Comedy
Jasmine,Idiens,jidiensb@dot.gov,Female,78,Opel,Registered Nurse,Comedy
Jessa,Lemery,jlemeryc@rambler.ru,Female,59,Renault,Environmental Specialist,Thriller
Aurel,Tolle,atolled@cornell.edu,Female,59,Fiat,Senior Cost Accountant,Thriller
Judye,Bernocchi,jbernocchie@etsy.com,Female,61,Renault,Software Test Engineer IV,Thriller
Mohandis,Cantrill,mcantrillf@paypal.com,Male,31,Renault,Media Manager III,Thriller
Lorrayne,Eicheler,leichelerg@privacy.gov.au,Female,70,Mazda,Senior Cost Accountant,Comedy
Elwood,Dreini,edreinih@guardian.co.uk,Male,43,Opel,Staff Scientist,Thriller
Aviva,Loins,aloinsi@yolasite.com,Female,27,Opel,Clinical Specialist,Thriller
Claudianus,Trevaskus,ctrevaskusj@usgs.gov,Male,54,Renault,Pharmacist,Drama
Nikolas,Just,njustk@wikipedia.org,Male,42,Renault,Internal Auditor,Thriller
Faythe,MacDonogh,fmacdonoghl@hp.com,Female,61,Dacia,Design Engineer,Drama
Andrew,Duff,aduffm@time.com,Male,79,Renault,Marketing Manager,Horror
Opaline,Pilsworth,opilsworthn@edublogs.org,Female,50,Renault,Senior Financial Analyst,Thriller
Betty,McGilroy,bmcgilroyo@cbsnews.com,Female,21,Renault,Marketing Assistant,Action
Humberto,Brand-Hardy,hbrandhardyp@studiopress.com,Male,44,Mazda,Product Engineer,Thriller
Karyl,Harget,khargetq@amazon.co.uk,Female,54,Renault,Geological Engineer,Thriller
Carrie,Trulocke,ctrulocker@clickbank.net,Female,64,Renault,Sales Associate,Thriller
Fidelia,Warsop,fwarsops@ox.ac.uk,Female,51,Renault,Civil Engineer,Drama
Tiffy,Clampton,tclamptont@alexa.com,Female,78,Renault,Software Consultant,Thriller
Aluino,Sabathier,asabathieru@hibu.com,Male,56,Renault,Tax Accountant,Thriller
Kissie,Stapley,kstapleyv@imgur.com,Female,40,Renault,Nurse,Thriller
Sayre,Kynoch,skynochw@pagesperso-orange.fr,Male,38,Renault,Cost Accountant,Drama
Codi,de Tocqueville,cdetocquevillex@aol.com,Male,72,Renault,Programmer III,Thriller
Sanders,Cluff,scluffy@woothemes.com,Male,20,Opel,Food Chemist,Thriller
Franny,Ricket,fricketz@spotify.com,Female,51,Renault,GIS Technical Architect,Thriller
Lind,Heppner,lheppner10@dropbox.com,Female,28,Opel,Assistant Manager,Thriller
Myranda,Blabber,mblabber11@amazon.com,Female,20,Renault,Professor,Thriller
Dorey,Jepperson,djepperson12@nbcnews.com,Female,25,Renault,Statistician II,Drama
Raymund,Edwicke,redwicke13@sohu.com,Male,37,Renault,Nuclear Power Engineer,Drama
Milka,Tippler,mtippler14@theguardian.com,Female,60,Renault,Software Engineer IV,Thriller
Zelig,Schapiro,zschapiro15@wunderground.com,Male,56,Fiat,Geological Engineer,Drama
Haroun,Oiller,hoiller16@spiegel.de,Male,47,Renault,VP Product Management,Drama
Martita,Ounsworth,mounsworth17@behance.net,Female,71,Opel,Structural Analysis Engineer,Thriller
Bearnard,Paquet,bpaquet18@t-online.de,Male,70,Opel,Environmental Specialist,Comedy
Jose,Sindall,jsindall19@mapy.cz,Male,73,Opel,Editor,Drama
Buckie,Hadlington,bhadlington1a@wisc.edu,Male,53,Renault,Senior Developer,Thriller
Gallard,Gandar,ggandar1b@rambler.ru,Male,28,Opel,VP Product Management,Drama
Karmen,Dradey,kdradey1c@diigo.com,Female,32,Ford,Human Resources Assistant III,Thriller
Kariotta,Couvert,kcouvert1d@ezinearticles.com,Female,32,Renault,Help Desk Technician,Drama
Jamil,Ionn,jionn1e@google.de,Male,79,Opel,Software Engineer I,Comedy
Giacobo,Bysshe,gbysshe1f@stanford.edu,Male,70,Mazda,Desktop Support Technician,Thriller
Brand,Janouch,bjanouch1g@ucla.edu,Male,43,Renault,Administrative Officer,Comedy
Nathan,Geerits,ngeerits1h@icq.com,Male,57,Opel,Human Resources Assistant II,Thriller
Salvador,Pendrick,spendrick1i@buzzfeed.com,Male,23,Renault,Information Systems Manager,Comedy
Simeon,Crowch,scrowch1j@phoca.cz,Male,79,Renault,Chemical Engineer,Thriller
Queenie,Pescod,qpescod1k@sun.com,Female,22,Dacia,Assistant Media Planner,Comedy
Gayler,Iczokvitz,giczokvitz1l@surveymonkey.com,Male,27,Mazda,Environmental Tech,Thriller
Pandora,Wavish,pwavish1m@guardian.co.uk,Female,58,Ford,Software Test Engineer I,Thriller
Alard,Maleck,amaleck1n@fda.gov,Male,79,Opel,Accounting Assistant II,Drama
Sosanna,Christol,schristol1o@usnews.com,Female,43,Opel,Director of Sales,Drama
Alva,Lydster,alydster1p@sbwire.com,Male,40,Ford,Computer Systems Analyst IV,Thriller
Freeman,Ellul,fellul1q@scientificamerican.com,Male,64,Renault,Financial Advisor,Horror
Renae,Kirgan,rkirgan1r@howstuffworks.com,Female,59,Renault,Software Test Engineer II,Thriller
Alexei,Hurcombe,ahurcombe1s@cyberchimps.com,Male,29,Renault,Budget/Accounting Analyst II,Thriller
Cammy,Wiggett,cwiggett1t@ibm.com,Female,61,Ford,VP Sales,Thriller
Clemence,Yaxley,cyaxley1u@mediafire.com,Female,47,Renault,Recruiter,Thriller
Valma,Sandle,vsandle1v@ycombinator.com,Female,68,Renault,Editor,Thriller
Arline,Miskelly,amiskelly1w@meetup.com,Female,49,Mazda,Tax Accountant,Thriller
Deeanne,McKirdy,dmckirdy1x@skyrock.com,Female,78,Renault,Teacher,Thriller
Noby,Fanthom,nfanthom1y@slashdot.org,Male,20,Opel,Accountant IV,Drama
Cthrine,Krollmann,ckrollmann1z@altervista.org,Female,31,BMW,Clinical Specialist,Drama
Cherie,Philipard,cphilipard20@imgur.com,Female,78,Renault,Computer Systems Analyst I,Comedy
Hurleigh,De Cleen,hdecleen21@mapquest.com,Male,59,Opel,Biostatistician IV,Drama
Herc,Sainsberry,hsainsberry22@soundcloud.com,Male,42,Renault,Analog Circuit Design manager,Comedy
Peadar,Lucia,plucia23@aol.com,Male,41,Renault,Account Executive,Comedy
Enrique,Swalteridge,eswalteridge24@discovery.com,Male,80,Mazda,Associate Professor,Action
Odie,Proback,oproback25@taobao.com,Male,78,Mazda,Physical Therapy Assistant,Horror
Karyl,Montgomery,kmontgomery26@ustream.tv,Female,73,Renault,Pharmacist,Comedy
Janine,Simonite,jsimonite27@sogou.com,Female,77,Renault,Compensation Analyst,Thriller
Eugenio,Kerr,ekerr28@plala.or.jp,Male,57,Opel,Research Nurse,Thriller
Cristie,Jakubowicz,cjakubowicz29@nymag.com,Female,23,Mazda,Office Assistant III,Drama
Syman,Polland,spolland2a@jalbum.net,Male,27,Renault,Administrative Officer,Thriller
Gillie,Ubsdell,gubsdell2b@naver.com,Female,49,Renault,Accounting Assistant III,Action
Borg,Hegerty,bhegerty2c@yahoo.co.jp,Male,27,Renault,Structural Engineer,Thriller
Baillie,Hawson,bhawson2d@about.com,Male,43,Renault,Social Worker,Drama
Briggs,Showering,bshowering2e@about.com,Male,34,Renault,Librarian,Thriller
Wandie,Rodinger,wrodinger2f@house.gov,Female,32,Dacia,Editor,Thriller
Helen,Billows,hbillows2g@bloglovin.com,Female,73,Renault,Chemical Engineer,Comedy
Chelsey,Humby,chumby2h@shop-pro.jp,Female,48,Renault,Senior Editor,Thriller
Karly,Timewell,ktimewell2i@nydailynews.com,Female,38,Opel,Civil Engineer,Action
Joshuah,Blackborne,jblackborne2j@apple.com,Male,69,Renault,Account Coordinator,Drama
Skipton,Portriss,sportriss2k@slashdot.org,Male,78,Mazda,Administrative Officer,Thriller
Jelene,McInerney,jmcinerney2l@drupal.org,Female,59,Mazda,Administrative Assistant III,Drama
Abdul,Menchenton,amenchenton2m@cyberchimps.com,Male,72,Renault,Help Desk Operator,Drama
Georgy,Seldner,gseldner2n@google.co.uk,Male,52,Mazda,Web Developer IV,Thriller
Seana,Oxton,soxton2o@adobe.com,Female,44,Ford,Research Assistant I,Drama
Ashby,Bartlomiej,abartlomiej2p@nature.com,Male,70,Opel,Dental Hygienist,Drama
Veriee,Muir,vmuir2q@istockphoto.com,Female,75,Opel,Desktop Support Technician,Action
Jessamyn,Kitt,jkitt2r@stumbleupon.com,Female,24,Renault,Health Coach I,Thriller
Layne,Gason,lgason2s@youtu.be,Female,27,Renault,Financial Analyst,Thriller
Simeon,Howsley,showsley2t@google.com.au,Male,43,Renault,Senior Financial Analyst,Thriller
Boyce,Bryce,bbryce2u@msn.com,Male,67,Mazda,GIS Technical Architect,Thriller
Jeniece,Bushell,jbushell2v@chronoengine.com,Female,59,Ford,Junior Executive,Thriller
Jacklin,Worstall,jworstall2w@google.es,Female,33,Renault,Assistant Media Planner,Comedy
Clare,Burr,cburr2x@ning.com,Male,36,Opel,Electrical Engineer,Thriller
Becka,Rubenov,brubenov2y@123-reg.co.uk,Female,65,Renault,VP Sales,Thriller
Jamill,Meiner,jmeiner2z@sourceforge.net,Male,47,Renault,VP Marketing,Thriller
Hinda,Bestwick,hbestwick30@vistaprint.com,Female,34,Renault,Analyst Programmer,Comedy
Lise,Woodsford,lwoodsford31@tinypic.com,Female,76,Opel,Civil Engineer,Drama
Sky,Koenen,skoenen32@scientificamerican.com,Male,71,Renault,Associate Professor,Thriller
Kristoffer,Thomazin,kthomazin33@webeden.co.uk,Male,54,Ford,Chief Design Engineer,Drama
Denice,Griffitt,dgriffitt34@prlog.org,Female,24,Mazda,Environmental Tech,Thriller
Arch,Grimsey,agrimsey35@dot.gov,Male,51,Renault,Registered Nurse,Romance
Milo,Gelletly,mgelletly36@cam.ac.uk,Male,41,Opel,Director of Sales,Drama
Mira,Shoemark,mshoemark37@51.la,Female,66,Renault,Editor,Thriller
Burk,Fortesquieu,bfortesquieu38@storify.com,Male,58,Renault,Media Manager III,Action
Linnell,Greenhalf,lgreenhalf39@so-net.ne.jp,Female,22,Renault,Environmental Specialist,Drama
Karyl,Gaitskell,kgaitskell3a@google.com.hk,Female,64,Renault,Pharmacist,Thriller
Colas,Jankiewicz,cjankiewicz3b@lulu.com,Male,45,Ford,Help Desk Operator,Thriller
Trina,Zini,tzini3c@soup.io,Female,44,Mazda,Clinical Specialist,Thriller
Ches,Codlin,ccodlin3d@msu.edu,Male,38,Renault,Information Systems Manager,Thriller
Zonda,Gianelli,zgianelli3e@skype.com,Female,66,Renault,Internal Auditor,Action
Holt,Gowdy,hgowdy3f@bloglovin.com,Male,49,Renault,Chemical Engineer,Drama
Emilio,Augustus,eaugustus3g@webs.com,Male,67,Mazda,Recruiting Manager,Thriller
Artemis,O' Mullan,aomullan3h@illinois.edu,Male,59,Fiat,Physical Therapy Assistant,Drama
Morlee,Leveridge,mleveridge3i@goodreads.com,Male,71,Renault,Office Assistant II,Thriller
Victoir,Poveleye,vpoveleye3j@forbes.com,Male,63,Ford,Geological Engineer,Comedy
Eugenius,Bertrand,ebertrand3k@surveymonkey.com,Male,51,Renault,Analog Circuit Design manager,Drama
Porter,Cicchinelli,pcicchinelli3l@flavors.me,Male,34,Renault,Accountant III,Thriller
Virge,Barby,vbarby3m@myspace.com,Male,43,Renault,Food Chemist,Drama
Camilla,Willingham,cwillingham3n@sitemeter.com,Female,37,Opel,Associate Professor,Thriller
Sara,Igglesden,sigglesden3o@hostgator.com,Female,38,Renault,Community Outreach Specialist,Thriller
Xena,Clitheroe,xclitheroe3p@rakuten.co.jp,Female,37,Renault,Product Engineer,Thriller
Farlie,Adam,fadam3q@sciencedirect.com,Male,28,Mazda,Executive Secretary,Comedy
Delcine,Pearton,dpearton3r@constantcontact.com,Female,21,Renault,Sales Associate,Thriller
Nert,March,nmarch3s@unesco.org,Female,25,Mazda,General Manager,Thriller
Cordy,Lieber,clieber3t@github.com,Female,20,Renault,Environmental Tech,Drama
Cinnamon,Curgenven,ccurgenven3u@deliciousdays.com,Female,32,Renault,Assistant Professor,Thriller
Toddie,Waddingham,twaddingham3v@ucsd.edu,Male,74,Renault,Design Engineer,Thriller
Netta,Elmer,nelmer3w@facebook.com,Female,60,Opel,Operator,Comedy
Norbie,Larmour,nlarmour3x@intel.com,Male,78,Mazda,Social Worker,Action
Lynnette,Lang,llang3y@cbslocal.com,Female,25,Renault,Recruiting Manager,Comedy
Filippa,Ausello,fausello3z@zdnet.com,Female,60,Fiat,Registered Nurse,Drama
Gaylor,Albrooke,galbrooke40@weebly.com,Male,29,Renault,Marketing Assistant,Drama
Darrin,Brumen,dbrumen41@cdbaby.com,Male,43,Opel,General Manager,Drama
Garrick,Keasey,gkeasey42@flavors.me,Male,77,Opel,Human Resources Manager,Thriller
Nollie,Alyokhin,nalyokhin43@nps.gov,Male,70,Renault,General Manager,Thriller
Gunar,McGragh,gmcgragh44@soup.io,Male,44,Renault,Assistant Manager,Thriller
Hermia,Carvell,hcarvell45@squidoo.com,Female,23,Renault,Recruiting Manager,Thriller
Montgomery,Downing,mdowning46@drupal.org,Male,45,BMW,VP Quality Control,Drama
Kinsley,Kunes,kkunes47@dyndns.org,Male,58,Renault,Health Coach III,Drama
Hazel,Baterip,hbaterip48@storify.com,Male,53,Renault,Product Engineer,Comedy
Nollie,Tiplady,ntiplady49@upenn.edu,Male,65,Renault,Health Coach III,Thriller
Ysabel,Bearfoot,ybearfoot4a@last.fm,Female,75,Opel,Human Resources Manager,Drama
Stephine,Kopfer,skopfer4b@timesonline.co.uk,Female,59,Mazda,Technical Writer,Thriller
Alfonso,Meader,ameader4c@seattletimes.com,Male,79,Opel,Help Desk Operator,Thriller
Samson,O'Keefe,sokeefe4d@cmu.edu,Male,46,Opel,Account Representative I,Action
Kristopher,Glisenan,kglisenan4e@nsw.gov.au,Male,21,Opel,Tax Accountant,Comedy
Alana,Lowton,alowton4f@answers.com,Female,63,Opel,Recruiter,Drama
Tedman,Coffee,tcoffee4g@diigo.com,Male,31,Opel,Human Resources Assistant I,Drama
Read,Destouche,rdestouche4h@dailymotion.com,Male,71,Renault,Paralegal,Thriller
Sonya,Wikey,swikey4i@toplist.cz,Female,48,Opel,Financial Advisor,Drama
Vinson,Broadis,vbroadis4j@surveymonkey.com,Male,41,Renault,Account Coordinator,Action
Axe,Nassau,anassau4k@pinterest.com,Male,20,Opel,Business Systems Development Analyst,Thriller
Taylor,Andriolli,tandriolli4l@plala.or.jp,Male,28,Opel,Senior Sales Associate,Thriller
Kaitlin,Stoke,kstoke4m@amazonaws.com,Female,76,Mazda,Recruiting Manager,Thriller
Reinaldos,Claasen,rclaasen4n@cbslocal.com,Male,57,Opel,Editor,Drama
Mac,Vasnev,mvasnev4o@alibaba.com,Male,59,Mazda,Senior Developer,Thriller
Kim,Bisley,kbisley4p@ehow.com,Male,53,Renault,Structural Engineer,Thriller
Channa,Lipgens,clipgens4q@xinhuanet.com,Female,63,Renault,Mechanical Systems Engineer,Drama
Quentin,Mottinelli,qmottinelli4r@miitbeian.gov.cn,Female,39,Renault,Data Coordiator,Thriller
Guido,Dryburgh,gdryburgh4s@dailymotion.com,Male,51,Renault,Senior Quality Engineer,Thriller
Beauregard,Onians,bonians4t@redcross.org,Male,54,Mazda,Occupational Therapist,Action
Rich,Bruffell,rbruffell4u@php.net,Male,40,Mazda,Senior Developer,Thriller
Roldan,Cottrell,rcottrell4v@tinyurl.com,Male,22,Opel,Assistant Manager,Comedy
Mile,Simkovitz,msimkovitz4w@squarespace.com,Male,37,Renault,Environmental Tech,Comedy
Merrili,Peron,mperon4x@e-recht24.de,Female,39,Renault,Community Outreach Specialist,Drama
Minnaminnie,Newis,mnewis4y@desdev.cn,Female,42,Renault,Office Assistant IV,Drama
Shermie,Rogister,srogister4z@state.tx.us,Male,65,Ford,Social Worker,Comedy
Lucas,Sabates,lsabates50@nhs.uk,Male,61,Renault,Analog Circuit Design manager,Thriller
Maitilde,Ritter,mritter51@jalbum.net,Female,59,Ford,Mechanical Systems Engineer,Thriller
Carter,Sammars,csammars52@answers.com,Male,50,Renault,GIS Technical Architect,Action
Shina,Hammerton,shammerton53@samsung.com,Female,27,Opel,Environmental Specialist,Thriller
Britta,Humphery,bhumphery54@economist.com,Female,66,Opel,VP Sales,Thriller
Daryn,Kilshaw,dkilshaw55@webeden.co.uk,Female,34,Renault,Business Systems Development Analyst,Comedy
Barnebas,Grigolli,bgrigolli56@imgur.com,Male,37,Mazda,Accountant I,Thriller
Alvera,Ailward,aailward57@fc2.com,Female,64,Renault,Media Manager II,Thriller
Tod,Rubee,trubee58@typepad.com,Male,35,Opel,Accounting Assistant II,Drama
Marla,Attwooll,mattwooll59@bloglines.com,Female,55,Renault,Registered Nurse,Drama
Corliss,Byars,cbyars5a@prnewswire.com,Female,69,Opel,Administrative Officer,Thriller
Felike,Falconar,ffalconar5b@slashdot.org,Male,44,Renault,Internal Auditor,Thriller
Bald,Crayke,bcrayke5c@mayoclinic.com,Male,53,Renault,Nurse,Thriller
Bayard,Shearman,bshearman5d@umich.edu,Male,27,Renault,Chief Design Engineer,Action
Diarmid,Stoffel,dstoffel5e@360.cn,Male,27,Renault,Systems Administrator III,Thriller
Bowie,Di Dello,bdidello5f@google.de,Male,29,Opel,Quality Engineer,Action
Emmye,Faichney,efaichney5g@patch.com,Female,60,Opel,Tax Accountant,Comedy
Yetta,Berrecloth,yberrecloth5h@state.tx.us,Female,30,Ford,Statistician I,Drama
Abigael,Turmel,aturmel5i@about.com,Female,30,Opel,Chief Design Engineer,Thriller
Basil,Stanners,bstanners5j@acquirethisname.com,Male,53,Opel,Food Chemist,Thriller
Larisa,Ingliss,lingliss5k@imageshack.us,Female,55,Renault,VP Quality Control,Comedy
Sasha,Kleinstub,skleinstub5l@rambler.ru,Female,36,Renault,Occupational Therapist,Drama
Hernando,Linnell,hlinnell5m@unicef.org,Male,78,Renault,Marketing Manager,Thriller
Connie,Tayspell,ctayspell5n@sitemeter.com,Male,56,Renault,Technical Writer,Drama
Lazar,Ashby,lashby5o@china.com.cn,Male,71,Renault,Assistant Professor,Action
Carlyle,Setterington,csetterington5p@google.de,Male,33,Mazda,Executive Secretary,Thriller
Rosaleen,Bresson,rbresson5q@alexa.com,Female,71,Renault,Analyst Programmer,Drama
Gerardo,Tuckerman,gtuckerman5r@51.la,Male,36,Mazda,Web Developer IV,Thriller
Ferrel,Giddy,fgiddy5s@telegraph.co.uk,Male,27,Mazda,Junior Executive,Drama
Reena,Blaisdell,rblaisdell5t@wordpress.org,Female,76,Opel,Automation Specialist III,Thriller
Cassy,Jamme,cjamme5u@rediff.com,Female,57,Opel,Health Coach II,Drama
Pascale,Jewis,pjewis5v@cam.ac.uk,Male,79,Renault,Research Nurse,Thriller
Cindra,Mackelworth,cmackelworth5w@businessweek.com,Female,54,Renault,Geological Engineer,Thriller
Rheba,Semeniuk,rsemeniuk5x@ted.com,Female,64,Opel,Environmental Specialist,Drama
Alina,Izac,aizac5y@psu.edu,Female,24,Renault,Social Worker,Thriller
Brandtr,Ussher,bussher5z@ed.gov,Male,45,Ford,Food Chemist,Thriller
Justin,Gulston,jgulston60@trellian.com,Male,27,Fiat,Structural Analysis Engineer,Comedy
Ewen,Stocky,estocky61@amazon.de,Male,50,Mazda,Clinical Specialist,Thriller
Robinia,McDugal,rmcdugal62@wikispaces.com,Female,43,BMW,Recruiter,Thriller
Lucita,Sparsholt,lsparsholt63@timesonline.co.uk,Female,36,Opel,Programmer III,Action
Olivia,Gopsell,ogopsell64@imageshack.us,Female,26,Opel,VP Product Management,Thriller
Brewer,Bernucci,bbernucci65@vistaprint.com,Male,55,Renault,Chemical Engineer,Thriller
Arch,Coumbe,acoumbe66@amazon.com,Male,26,Fiat,Financial Advisor,Comedy
My,Fitzroy,mfitzroy67@adobe.com,Male,33,Mazda,Systems Administrator IV,Comedy
Wandie,Pasek,wpasek68@over-blog.com,Female,42,Renault,Automation Specialist I,Thriller
Jenelle,Kemsley,jkemsley69@miitbeian.gov.cn,Female,49,Ford,Account Executive,Drama
Birch,Noods,bnoods6a@about.com,Male,44,Opel,Health Coach III,Thriller
Hernando,Ledes,hledes6b@reference.com,Male,41,Opel,Statistician I,Drama
Magnum,Count,mcount6c@stanford.edu,Male,61,Mazda,General Manager,Romance
Iona,Keppe,ikeppe6d@hostgator.com,Female,64,Mazda,Business Systems Development Analyst,Romance
Murvyn,Settle,msettle6e@redcross.org,Male,38,Opel,Human Resources Assistant IV,Thriller
Bertrando,Vannikov,bvannikov6f@1und1.de,Male,47,Renault,Staff Accountant I,Drama
Brade,McAtamney,bmcatamney6g@live.com,Male,23,Ford,Physical Therapy Assistant,Comedy
Rolland,Coddrington,rcoddrington6h@nature.com,Male,68,Opel,Budget/Accounting Analyst I,Comedy
Mariska,Paramore,mparamore6i@pcworld.com,Female,36,Opel,Social Worker,Action
Kile,Figgess,kfiggess6j@ocn.ne.jp,Male,47,Opel,Registered Nurse,Thriller
Vinnie,Halliberton,vhalliberton6k@reddit.com,Female,32,Renault,Assistant Manager,Thriller
Eileen,Zamorrano,ezamorrano6l@bluehost.com,Female,60,Mazda,VP Quality Control,Thriller
Karine,Midgely,kmidgely6m@hexun.com,Female,21,Renault,Senior Financial Analyst,Drama
Niki,Fake,nfake6n@1688.com,Male,39,Mazda,Assistant Professor,Drama
Natty,Moorcroft,nmoorcroft6o@weebly.com,Male,47,Renault,Assistant Manager,Thriller
Calypso,Skirling,cskirling6p@people.com.cn,Female,70,Ford,Chief Design Engineer,Thriller
Mortie,Primrose,mprimrose6q@indiegogo.com,Male,45,Renault,Actuary,Thriller
Kym,Whapham,kwhapham6r@ezinearticles.com,Female,24,Mazda,Structural Engineer,Drama
Carter,Picknett,cpicknett6s@hao123.com,Male,26,Renault,Web Designer I,Thriller
Joly,Moffatt,jmoffatt6t@cnbc.com,Female,42,Renault,Budget/Accounting Analyst IV,Drama
Malia,Betho,mbetho6u@wp.com,Female,75,Opel,Accountant I,Drama
Del,Reford,dreford6v@tripod.com,Male,52,Ford,Civil Engineer,Thriller
Amby,Wratten,awratten6w@nature.com,Male,63,Renault,Chief Design Engineer,Thriller
Catlin,Barefoot,cbarefoot6x@howstuffworks.com,Female,53,Renault,Research Associate,Drama
Falito,Hinz,fhinz6y@moonfruit.com,Male,26,Ford,Senior Quality Engineer,Thriller
Nedda,Davall,ndavall6z@paginegialle.it,Female,30,Renault,Systems Administrator II,Thriller
Halie,Delcastel,hdelcastel70@cloudflare.com,Female,37,Renault,Data Coordiator,Comedy
Perry,Folling,pfolling71@uiuc.edu,Female,25,Renault,Occupational Therapist,Comedy
Leon,Follan,lfollan72@deliciousdays.com,Male,67,Renault,Staff Scientist,Comedy
Isobel,Bough,ibough73@multiply.com,Female,59,Ford,Assistant Professor,Comedy
Sileas,Mea,smea74@google.co.jp,Female,46,Renault,Structural Engineer,Action
Lucille,Videneev,lvideneev75@bloomberg.com,Female,35,Mazda,Systems Administrator III,Thriller
Goober,Rouch,grouch76@earthlink.net,Male,36,Renault,Junior Executive,Drama
Bobbi,Quakley,bquakley77@icio.us,Female,29,Opel,Administrative Assistant I,Drama
Trueman,Camel,tcamel78@archive.org,Male,73,Mazda,Sales Associate,Thriller
Jackie,Sorrel,jsorrel79@1und1.de,Male,54,Renault,Chief Design Engineer,Drama
Walliw,Kluger,wkluger7a@desdev.cn,Female,40,Opel,Information Systems Manager,Romance
Norman,Rodders,nrodders7b@aol.com,Male,54,Opel,Nuclear Power Engineer,Thriller
Boone,Giacomazzo,bgiacomazzo7c@hao123.com,Male,25,Fiat,Junior Executive,Thriller
Philip,Stote,pstote7d@plala.or.jp,Male,31,Renault,Design Engineer,Thriller
Rochelle,Blackborow,rblackborow7e@nyu.edu,Female,60,Renault,Product Engineer,Drama
Juline,Blount,jblount7f@ebay.co.uk,Female,29,Opel,Mechanical Systems Engineer,Drama
Hew,Brazear,hbrazear7g@pinterest.com,Male,57,Ford,Project Manager,Thriller
Abbi,Curness,acurness7h@cyberchimps.com,Female,25,Ford,Electrical Engineer,Thriller
Innis,Dand,idand7i@redcross.org,Male,46,Renault,Product Engineer,Thriller
Viviyan,Jonin,vjonin7j@wikimedia.org,Female,75,Renault,VP Quality Control,Romance
Ynez,Gange,ygange7k@sciencedirect.com,Female,28,Mazda,Business Systems Development Analyst,Thriller
Perceval,Aimson,paimson7l@shop-pro.jp,Male,74,Renault,VP Product Management,Thriller
Briano,Busain,bbusain7m@wsj.com,Male,28,Opel,Software Consultant,Comedy
Daryl,Domanek,ddomanek7n@google.com,Male,59,Opel,Desktop Support Technician,Drama
Carolyne,Fullard,cfullard7o@miibeian.gov.cn,Female,56,Opel,Web Developer II,Drama
Bethena,Terris,bterris7p@china.com.cn,Female,64,Renault,Engineer III,Drama
Maximo,Bridgestock,mbridgestock7q@live.com,Male,60,Opel,Internal Auditor,Drama
Silvanus,Brambell,sbrambell7r@360.cn,Male,34,Renault,Pharmacist,Drama
Rici,Barhims,rbarhims7s@a8.net,Female,57,Renault,Safety Technician IV,Comedy
Avrom,Pagon,apagon7t@yahoo.co.jp,Male,73,Renault,Social Worker,Romance
Dion,Okenden,dokenden7u@gnu.org,Male,53,Mazda,Operator,Comedy
Ingemar,Soaper,isoaper7v@aol.com,Male,36,Renault,General Manager,Comedy
Jocelyne,Roon,jroon7w@wordpress.com,Female,79,Renault,Chief Design Engineer,Romance
Lazaro,Bougen,lbougen7x@baidu.com,Male,27,Mazda,Actuary,Thriller
Uta,MacDearmid,umacdearmid7y@blogger.com,Female,76,Opel,Quality Engineer,Thriller
Merell,Toffano,mtoffano7z@google.cn,Male,28,Fiat,Software Engineer II,Comedy
Chiquia,McInteer,cmcinteer80@theglobeandmail.com,Female,57,Renault,Media Manager II,Thriller
Esma,Kleiner,ekleiner81@house.gov,Female,68,Renault,Mechanical Systems Engineer,Drama
Kristoffer,Garett,kgarett82@sina.com.cn,Male,36,Dacia,Account Representative III,Action
Tobiah,Chimes,tchimes83@rediff.com,Male,25,Mazda,Senior Financial Analyst,Drama
Nataniel,Cracoe,ncracoe84@webmd.com,Male,20,Opel,Senior Cost Accountant,Thriller
Consalve,Reeve,creeve85@exblog.jp,Male,56,Opel,Product Engineer,Thriller
Jodi,Frickey,jfrickey86@mayoclinic.com,Male,72,Renault,Internal Auditor,Comedy
Heddi,Levicount,hlevicount87@unesco.org,Female,62,Renault,Accounting Assistant II,Drama
Neely,Turbard,nturbard88@goo.gl,Female,56,Renault,Editor,Comedy
Sabra,Bensley,sbensley89@sfgate.com,Female,28,Opel,Desktop Support Technician,Thriller
Haley,Fermor,hfermor8a@live.com,Male,27,Opel,Structural Engineer,Thriller
Phyllis,Tidmas,ptidmas8b@g.co,Female,70,Renault,Geologist II,Drama
Adler,Bernette,abernette8c@wikimedia.org,Male,26,Renault,Office Assistant IV,Thriller
Lillian,Deluce,ldeluce8d@time.com,Female,63,Renault,Operator,Comedy
Isidore,Brashaw,ibrashaw8e@friendfeed.com,Male,61,Mazda,Junior Executive,Thriller
Misti,Joberne,mjoberne8f@histats.com,Female,49,Opel,Tax Accountant,Thriller
Kitti,Vondrasek,kvondrasek8g@spiegel.de,Female,67,Ford,Internal Auditor,Comedy
Raoul,Peter,rpeter8h@mysql.com,Male,74,Renault,Research Associate,Thriller
Porter,Mullane,pmullane8i@tiny.cc,Male,34,Ford,Staff Scientist,Thriller
Leif,Gauvain,lgauvain8j@bluehost.com,Male,23,Opel,Account Executive,Thriller
Hermy,Zammitt,hzammitt8k@home.pl,Male,37,Opel,Executive Secretary,Thriller
Thain,Gaskoin,tgaskoin8l@t-online.de,Male,48,Opel,Nurse,Action
Gib,Levick,glevick8m@chron.com,Male,31,Opel,Civil Engineer,Thriller
Beryle,Billham,bbillham8n@arizona.edu,Female,69,Opel,VP Product Management,Comedy
Catlee,Privost,cprivost8o@sitemeter.com,Female,21,Fiat,Senior Developer,Thriller
Kristina,Kuschek,kkuschek8p@pagesperso-orange.fr,Female,56,Renault,Account Representative I,Thriller
Sadye,Dittson,sdittson8q@dagondesign.com,Female,38,Opel,Chief Design Engineer,Thriller
Fayette,Poytres,fpoytres8r@paginegialle.it,Female,49,Renault,Assistant Media Planner,Thriller
Elle,Watters,ewatters8s@mapquest.com,Female,76,Renault,Business Systems Development Analyst,Drama
Freddie,Melmore,fmelmore8t@economist.com,Female,30,Renault,Senior Editor,Thriller
Pollyanna,Stevenson,pstevenson8u@google.com,Female,43,Renault,Assistant Manager,Thriller
Tilly,Clemencet,tclemencet8v@accuweather.com,Female,69,Renault,Financial Analyst,Drama
Elwin,Mountjoy,emountjoy8w@google.fr,Male,48,Opel,Senior Sales Associate,Drama
Moshe,De Ruel,mderuel8x@sogou.com,Male,77,Renault,Engineer II,Drama
Eldon,Roux,eroux8y@amazon.de,Male,69,Opel,Marketing Manager,Drama
Tomlin,Venner,tvenner8z@kickstarter.com,Male,76,Opel,Research Associate,Thriller
Amity,Tolle,atolle90@wikipedia.org,Female,47,Renault,VP Product Management,Drama
Karlen,Juza,kjuza91@wunderground.com,Female,73,Renault,Senior Cost Accountant,Horror
Lionello,Lisle,llisle92@virginia.edu,Male,20,Renault,Quality Control Specialist,Thriller
Jermayne,Jurkiewicz,jjurkiewicz93@topsy.com,Male,36,Mazda,Electrical Engineer,Drama
Ibrahim,O'Keenan,iokeenan94@163.com,Male,40,Renault,Computer Systems Analyst III,Drama
Franzen,McClaurie,fmcclaurie95@dot.gov,Male,61,Renault,Developer III,Thriller
Janie,O'Cullen,jocullen96@clickbank.net,Female,66,Opel,Librarian,Horror
Lynsey,Gowland,lgowland97@google.co.uk,Female,55,Opel,Structural Engineer,Thriller
Wendy,Netherwood,wnetherwood98@yellowpages.com,Female,50,Renault,Assistant Professor,Comedy
Carney,Terrans,cterrans99@gizmodo.com,Male,68,Renault,Analyst Programmer,Thriller
Danica,Leddie,dleddie9a@wired.com,Female,48,Mazda,Geological Engineer,Drama
Roobbie,Discombe,rdiscombe9b@columbia.edu,Female,36,Opel,Internal Auditor,Thriller
Arleen,Guillond,aguillond9c@ted.com,Female,70,Renault,Research Nurse,Thriller
Pietro,Goalley,pgoalley9d@hc360.com,Male,62,Renault,Product Engineer,Thriller
Cornell,Coyte,ccoyte9e@nymag.com,Male,74,Ford,Recruiter,Romance
Keslie,Crassweller,kcrassweller9f@jiathis.com,Female,70,Mazda,Senior Editor,Drama
Obadiah,Nottingham,onottingham9g@gnu.org,Male,42,Renault,VP Quality Control,Thriller
Hercules,Lofts,hlofts9h@simplemachines.org,Male,23,Renault,Structural Engineer,Romance
Raddy,Poley,rpoley9i@ucla.edu,Male,50,Ford,Actuary,Thriller
Ema,Streight,estreight9j@cloudflare.com,Female,44,Mazda,Business Systems Development Analyst,Romance
Alvira,Ollerton,aollerton9k@ucoz.com,Female,57,Renault,Financial Analyst,Comedy
Perren,Monument,pmonument9l@newsvine.com,Male,32,Renault,Community Outreach Specialist,Comedy
Andreas,Carlsen,acarlsen9m@admin.ch,Male,50,Renault,Mechanical Systems Engineer,Thriller
Lin,Ulrik,lulrik9n@cnbc.com,Female,59,Renault,Assistant Manager,Drama
Shanta,Rolance,srolance9o@devhub.com,Female,62,Mazda,Research Associate,Thriller
Floria,Narraway,fnarraway9p@foxnews.com,Female,52,Renault,Account Representative II,Drama
Ilaire,Rubenchik,irubenchik9q@usa.gov,Male,32,Renault,Clinical Specialist,Comedy
Cosimo,Alesio,calesio9r@hao123.com,Male,42,Opel,Senior Sales Associate,Drama
Maureen,Bruckental,mbruckental9s@nps.gov,Female,36,Opel,Pharmacist,Romance
Melli,Ingray,mingray9t@mail.ru,Female,25,Renault,Professor,Drama
Padriac,Giacubo,pgiacubo9u@europa.eu,Male,66,Opel,Marketing Manager,Comedy
Dionne,Scollard,dscollard9v@altervista.org,Female,27,Mazda,Budget/Accounting Analyst III,Drama
Denny,Narbett,dnarbett9w@unesco.org,Male,65,Renault,Structural Analysis Engineer,Thriller
Batholomew,Rankling,brankling9x@fotki.com,Male,29,Opel,Chemical Engineer,Thriller
Ches,Skey,cskey9y@bloglines.com,Male,46,Mazda,Cost Accountant,Drama
Findlay,Bliss,fbliss9z@mediafire.com,Male,74,Fiat,Geologist IV,Thriller
Dario,Cirlos,dcirlosa0@123-reg.co.uk,Male,33,Mazda,Associate Professor,Comedy
Mildrid,Benjamin,mbenjamina1@networkadvertising.org,Female,32,Renault,Actuary,Thriller
Conny,Evins,cevinsa2@fc2.com,Male,73,Mazda,Analog Circuit Design manager,Comedy
Nicolai,Rumgay,nrumgaya3@java.com,Male,45,Opel,Staff Accountant IV,Thriller
Brandie,Aherne,bahernea4@csmonitor.com,Female,70,Fiat,Mechanical Systems Engineer,Thriller
Rubi,Bignal,rbignala5@w3.org,Female,35,Renault,Data Coordiator,Thriller
Elie,Ivshin,eivshina6@uiuc.edu,Female,35,Renault,Actuary,Thriller
Worthington,Moraleda,wmoraledaa7@seattletimes.com,Male,76,Renault,Staff Scientist,Drama
Augustine,Leyman,aleymana8@surveymonkey.com,Female,43,Renault,Software Consultant,Romance
Martguerita,Browse,mbrowsea9@dailymail.co.uk,Female,70,Opel,Teacher,Horror
Borden,Bakster,bbaksteraa@oracle.com,Male,58,Opel,Librarian,Horror
Hatti,Bushby,hbushbyab@discovery.com,Female,53,Renault,Geological Engineer,Thriller
Ban,Beven,bbevenac@gizmodo.com,Male,44,Ford,VP Quality Control,Thriller
Fin,Wiffill,fwiffillad@comcast.net,Male,67,Opel,Internal Auditor,Thriller
Olympe,Scraggs,oscraggsae@wunderground.com,Female,33,Renault,Physical Therapy Assistant,Thriller
Herve,Corstan,hcorstanaf@abc.net.au,Male,61,Opel,Financial Advisor,Thriller
Brennen,Eskrick,beskrickag@deviantart.com,Male,68,Opel,Actuary,Drama
Sherlocke,Maryon,smaryonah@rambler.ru,Male,36,Renault,Geologist IV,Thriller
Benson,Kubis,bkubisai@usda.gov,Male,41,Renault,Mechanical Systems Engineer,Thriller
Ameline,Blazi,ablaziaj@adobe.com,Female,72,Renault,Data Coordiator,Comedy
Jerry,Segar,jsegarak@reverbnation.com,Female,69,Renault,Account Representative II,Drama
Karisa,Bagot,kbagotal@vistaprint.com,Female,63,Renault,Research Associate,Thriller
Jillane,Lurner,jlurneram@cocolog-nifty.com,Female,48,Renault,Senior Sales Associate,Horror
Cyrus,Bergstram,cbergstraman@nba.com,Male,63,Opel,Software Consultant,Drama
Guntar,Artindale,gartindaleao@people.com.cn,Male,67,Opel,Biostatistician II,Comedy
Lark,Petranek,lpetranekap@free.fr,Female,54,Mazda,VP Marketing,Horror
Alessandra,Robertshaw,arobertshawaq@php.net,Female,59,Dacia,Senior Quality Engineer,Thriller
Thekla,Bawme,tbawmear@google.nl,Female,34,Renault,Help Desk Technician,Thriller
Trescha,Gallen,tgallenas@godaddy.com,Female,52,Ford,Financial Analyst,Drama
Constantine,Aleveque,calevequeat@scribd.com,Male,75,Renault,Actuary,Thriller
Abigael,Blamires,ablamiresau@jugem.jp,Female,67,Renault,Senior Financial Analyst,Drama
Jason,M'Barron,jmbarronav@seattletimes.com,Male,58,Opel,Engineer IV,Thriller
Pru,Caso,pcasoaw@cmu.edu,Female,61,Renault,Director of Sales,Thriller
Etienne,De Pero,edeperoax@unesco.org,Male,54,Opel,Analog Circuit Design manager,Drama
Angus,Loan,aloanay@etsy.com,Male,50,Renault,Registered Nurse,Thriller
Rodolph,Earngy,rearngyaz@devhub.com,Male,22,Mazda,Media Manager II,Comedy
Jonie,Tolman,jtolmanb0@archive.org,Female,30,Renault,Community Outreach Specialist,Drama
Ewan,Riall,eriallb1@twitpic.com,Male,51,Opel,Sales Representative,Thriller
Tommy,Rushbrook,trushbrookb2@epa.gov,Male,77,Renault,VP Quality Control,Thriller
Caralie,Burgher,cburgherb3@mit.edu,Female,30,Opel,Statistician II,Drama
Fabian,Gunney,fgunneyb4@google.fr,Male,55,Renault,Environmental Tech,Thriller
Inger,Hatto,ihattob5@geocities.com,Male,23,Renault,Professor,Comedy
Blakelee,Kocher,bkocherb6@bing.com,Female,70,Renault,Senior Cost Accountant,Comedy
Hilliary,Aspden,haspdenb7@qq.com,Female,27,Renault,Electrical Engineer,Action
Justino,Sheryne,jsheryneb8@oakley.com,Male,36,Renault,Graphic Designer,Thriller
Perri,Gillio,pgilliob9@mashable.com,Female,31,Renault,Software Test Engineer I,Comedy
Skell,Leachman,sleachmanba@surveymonkey.com,Male,66,Renault,Librarian,Thriller
Elita,Tatum,etatumbb@java.com,Female,39,Renault,Human Resources Assistant I,Thriller
Brynna,Bolding,bboldingbc@hibu.com,Female,73,Renault,Mechanical Systems Engineer,Thriller
Regen,Birbeck,rbirbeckbd@vimeo.com,Male,34,Dacia,Environmental Specialist,Comedy
Fernandina,Saywell,fsaywellbe@salon.com,Female,44,Opel,Marketing Manager,Thriller
Ania,Flobert,aflobertbf@umich.edu,Female,80,Renault,Compensation Analyst,Thriller
Kingsley,Surmeir,ksurmeirbg@squidoo.com,Male,21,Renault,Accounting Assistant I,Thriller
Javier,Hellin,jhellinbh@irs.gov,Male,35,Ford,Statistician II,Thriller
Cornell,Rennolds,crennoldsbi@booking.com,Male,66,Ford,Business Systems Development Analyst,Comedy
Margarette,Essel,messelbj@jalbum.net,Female,25,Mazda,Human Resources Assistant II,Drama
Lucina,Izzat,lizzatbk@ucsd.edu,Female,30,Mazda,Project Manager,Thriller
Rudolf,Abbiss,rabbissbl@flickr.com,Male,51,Renault,Speech Pathologist,Drama
Teriann,Wallsam,twallsambm@youku.com,Female,32,Renault,Marketing Manager,Drama
Mavis,Kevane,mkevanebn@answers.com,Female,41,Renault,Senior Cost Accountant,Drama
Eddi,Adamovitz,eadamovitzbo@jalbum.net,Female,23,Fiat,Developer II,Comedy
Sauncho,Kenton,skentonbp@friendfeed.com,Male,53,Renault,Software Consultant,Thriller
Cchaddie,Hendriks,chendriksbq@xinhuanet.com,Male,74,Renault,Graphic Designer,Action
Eldridge,Coulthart,ecoulthartbr@instagram.com,Male,47,Renault,Librarian,Drama
Marlo,Stefanovic,mstefanovicbs@marketwatch.com,Female,20,Renault,Physical Therapy Assistant,Drama
Caleb,Halsall,chalsallbt@nbcnews.com,Male,76,Renault,Dental Hygienist,Thriller
Eleonora,Krebs,ekrebsbu@webmd.com,Female,54,Renault,Compensation Analyst,Drama
Marcello,Dungee,mdungeebv@networksolutions.com,Male,30,Renault,VP Product Management,Drama
Fair,Orrocks,forrocksbw@4shared.com,Male,78,Renault,Assistant Media Planner,Thriller
Titos,Benedek,tbenedekbx@washingtonpost.com,Male,72,Renault,Professor,Comedy
Merv,Winborn,mwinbornby@oracle.com,Male,74,Ford,Research Assistant III,Thriller
Carlie,Hanton,chantonbz@auda.org.au,Male,47,Renault,Budget/Accounting Analyst I,Thriller
Tallia,Mitchener,tmitchenerc0@epa.gov,Female,59,Renault,Recruiter,Thriller
Brianna,MacRinn,bmacrinnc1@utexas.edu,Female,40,Renault,VP Marketing,Romance
Maurise,Harkness,mharknessc2@indiegogo.com,Male,47,Ford,Software Engineer III,Thriller
Monroe,Adao,madaoc3@geocities.com,Male,71,Ford,Actuary,Comedy
Starla,Bramford,sbramfordc4@comcast.net,Female,77,Opel,Computer Systems Analyst III,Thriller
Roderick,Gowdie,rgowdiec5@slate.com,Male,72,Opel,Systems Administrator I,Thriller
Osmond,Reily,oreilyc6@hc360.com,Male,43,Mazda,Senior Financial Analyst,Horror
Marmaduke,Abson,mabsonc7@patch.com,Male,80,Opel,Senior Sales Associate,Thriller
Orland,Mayward,omaywardc8@123-reg.co.uk,Male,56,Mazda,Web Developer III,Drama
Howard,Schoroder,hschoroderc9@ftc.gov,Male,21,Dacia,Graphic Designer,Drama
Stafani,Barajas,sbarajasca@wix.com,Female,55,Opel,Social Worker,Drama
Franz,Alessandrucci,falessandruccicb@usgs.gov,Male,61,Opel,Speech Pathologist,Comedy
Calli,Kienl,ckienlcc@chicagotribune.com,Female,22,BMW,Director of Sales,Comedy
Rodger,Sandall,rsandallcd@sfgate.com,Male,26,Renault,Account Coordinator,Thriller
Lanae,Lindstedt,llindstedtce@theglobeandmail.com,Female,59,Opel,Office Assistant III,Thriller
Daisie,Dodridge,ddodridgecf@bloomberg.com,Female,57,Renault,Senior Editor,Thriller
Cele,Durbyn,cdurbyncg@blogspot.com,Female,69,Mazda,Nurse,Thriller
Stirling,Hamp,shampch@sciencedaily.com,Male,59,BMW,Accountant IV,Thriller
Katusha,Roome,kroomeci@senate.gov,Female,34,Opel,Developer I,Drama
Gladys,McIntosh,gmcintoshcj@github.com,Female,76,Opel,Environmental Specialist,Drama
Vachel,Aldrick,valdrickck@zimbio.com,Male,48,Renault,Senior Quality Engineer,Drama
Kari,Avard,kavardcl@geocities.jp,Female,48,Opel,Geologist II,Thriller
Davida,Pervew,dpervewcm@army.mil,Female,57,Ford,Senior Sales Associate,Drama
Charity,Lowy,clowycn@nhs.uk,Female,23,Renault,Internal Auditor,Action
Lance,McGilvray,lmcgilvrayco@360.cn,Male,39,Renault,Computer Systems Analyst II,Action
Terza,Satchel,tsatchelcp@weibo.com,Female,41,Opel,Assistant Professor,Thriller
Alvin,Hogben,ahogbencq@whitehouse.gov,Male,53,Renault,Paralegal,Romance
Dmitri,Mewe,dmewecr@constantcontact.com,Male,56,Opel,Help Desk Operator,Drama
Joshua,Arniz,jarnizcs@usgs.gov,Male,65,Renault,Chief Design Engineer,Thriller
Derward,Fawlo,dfawloct@pagesperso-orange.fr,Male,55,Opel,Professor,Thriller
Moyra,Ranyell,mranyellcu@yahoo.com,Female,65,Renault,Environmental Specialist,Thriller
Ivett,Michurin,imichurincv@themeforest.net,Female,74,Renault,Nurse,Horror
Averell,Dillistone,adillistonecw@jiathis.com,Male,24,Dacia,Legal Assistant,Comedy
Odo,Rollinson,orollinsoncx@hp.com,Male,48,Renault,Engineer III,Comedy
Vally,Hector,vhectorcy@github.com,Female,53,Renault,Biostatistician IV,Drama
Lissie,Osban,losbancz@nih.gov,Female,55,Renault,Operator,Thriller
Tudor,Assante,tassanted0@chicagotribune.com,Male,63,Renault,Statistician I,Horror
Camel,Denney,cdenneyd1@sourceforge.net,Female,65,Mazda,Financial Analyst,Thriller
Isa,Milella,imilellad2@patch.com,Female,27,Renault,Assistant Professor,Thriller
Annadiana,Hillatt,ahillattd3@uol.com.br,Female,32,Mazda,Paralegal,Thriller
Colver,Enden,cendend4@chicagotribune.com,Male,60,Renault,VP Quality Control,Comedy
Evelina,Kirvell,ekirvelld5@sun.com,Female,33,Renault,Research Associate,Thriller
Delmar,Rhule,drhuled6@theguardian.com,Male,32,Renault,Quality Control Specialist,Drama
Ahmed,Mateuszczyk,amateuszczykd7@facebook.com,Male,56,Renault,Director of Sales,Thriller
Waldo,Shortin,wshortind8@ycombinator.com,Male,31,Mazda,VP Quality Control,Drama
Thaine,Carlo,tcarlod9@arstechnica.com,Male,20,Renault,Financial Advisor,Thriller
Philippine,Pumphrey,ppumphreyda@google.ca,Female,26,Mazda,Teacher,Thriller
Sidney,Flynn,sflynndb@nsw.gov.au,Male,47,Opel,Desktop Support Technician,Action
Almeta,Ritmeier,aritmeierdc@va.gov,Female,79,Renault,Safety Technician II,Thriller
Norbert,Elvins,nelvinsdd@diigo.com,Male,25,Renault,Help Desk Technician,Thriller
Duke,Pillans,dpillansde@harvard.edu,Male,40,Mazda,Pharmacist,Thriller
Lisbeth,Loach,lloachdf@nbcnews.com,Female,62,Renault,Executive Secretary,Drama
Caria,Bambra,cbambradg@oaic.gov.au,Female,48,Renault,Sales Associate,Comedy
Roosevelt,Sloley,rsloleydh@amazonaws.com,Male,80,Opel,Administrative Officer,Thriller
Norby,Livingstone,nlivingstonedi@usatoday.com,Male,71,Ford,Engineer II,Thriller
Casar,Brockton,cbrocktondj@google.pl,Male,35,Opel,Office Assistant IV,Thriller
Helaina,Steenson,hsteensondk@amazonaws.com,Female,51,Renault,Payment Adjustment Coordinator,Drama
Row,Morforth,rmorforthdl@sitemeter.com,Female,56,Opel,Programmer Analyst III,Thriller
Panchito,Harder,pharderdm@sina.com.cn,Male,35,Opel,Analog Circuit Design manager,Drama
Brunhilde,Bramhill,bbramhilldn@cmu.edu,Female,70,Renault,Help Desk Operator,Thriller
Chelsy,Dowles,cdowlesdo@ifeng.com,Female,30,Ford,Assistant Professor,Thriller
Giffard,Jeaneau,gjeaneaudp@imdb.com,Male,55,Renault,Account Executive,Thriller
Huey,Trinbey,htrinbeydq@ftc.gov,Male,75,Mazda,Associate Professor,Thriller
Lefty,Brettell,lbrettelldr@arstechnica.com,Male,66,BMW,Food Chemist,Thriller
Tirrell,Gannicott,tgannicottds@ted.com,Male,23,Renault,VP Accounting,Thriller
Keelby,Lyford,klyforddt@va.gov,Male,73,Opel,Community Outreach Specialist,Thriller
Drake,Bushen,dbushendu@baidu.com,Male,70,Opel,Help Desk Technician,Thriller
Donnajean,Metzig,dmetzigdv@google.de,Female,20,Mazda,Paralegal,Drama
Alicea,Birkin,abirkindw@weather.com,Female,67,Opel,VP Quality Control,Action
Keane,Stollhofer,kstollhoferdx@nsw.gov.au,Male,58,Renault,Internal Auditor,Drama
Trent,Reignard,treignarddy@hc360.com,Male,63,Renault,VP Product Management,Drama
Guinna,Smyley,gsmyleydz@earthlink.net,Female,79,Renault,Research Assistant III,Thriller
Andriette,Theobald,atheobalde0@tmall.com,Female,64,Opel,Automation Specialist III,Thriller
Lindie,Jennison,ljennisone1@webs.com,Female,54,Renault,Programmer III,Thriller
Sabrina,Torregiani,storregianie2@irs.gov,Female,68,Opel,VP Accounting,Comedy
Miltie,Leal,mleale3@blog.com,Male,67,Renault,Civil Engineer,Thriller
Eadmund,Shearmur,eshearmure4@hibu.com,Male,53,Renault,Account Executive,Thriller
Loydie,McCosker,lmccoskere5@arizona.edu,Male,68,Opel,GIS Technical Architect,Thriller
Aaren,Menghi,amenghie6@eventbrite.com,Female,45,Renault,Geologist III,Thriller
Purcell,Threadgill,pthreadgille7@blogspot.com,Male,49,Mazda,Sales Representative,Thriller
Ardith,Adderley,aadderleye8@digg.com,Female,73,Mazda,Sales Associate,Drama
Bernardina,Betz,bbetze9@netlog.com,Female,77,Ford,Structural Engineer,Thriller
Brnaba,Hundy,bhundyea@dot.gov,Male,22,Opel,Sales Representative,Drama
Rochella,Jakubovics,rjakubovicseb@joomla.org,Female,55,Renault,Project Manager,Comedy
Sibylle,Lambourne,slambourneec@squidoo.com,Female,37,Opel,Computer Systems Analyst I,Thriller
Martie,Huxtable,mhuxtableed@drupal.org,Female,67,Mazda,Civil Engineer,Thriller
Eliza,Grishakin,egrishakinee@netscape.com,Female,22,Mazda,Pharmacist,Comedy
Conrade,Greengrass,cgreengrassef@psu.edu,Male,41,Renault,Structural Engineer,Drama
Duncan,Lyes,dlyeseg@toplist.cz,Male,41,Renault,Senior Cost Accountant,Thriller
Erinn,Kilbey,ekilbeyeh@hibu.com,Female,70,Renault,Administrative Officer,Thriller
Anabal,Walden,awaldenei@mapy.cz,Female,37,Mazda,Associate Professor,Thriller
Bernadina,Pfeffle,bpfeffleej@youku.com,Female,32,Renault,VP Sales,Thriller
Peadar,Shemming,pshemmingek@globo.com,Male,39,Renault,Quality Engineer,Drama
Tammie,Luckey,tluckeyel@deviantart.com,Male,74,Renault,Administrative Officer,Thriller
Harmony,Storrier,hstorrierem@bravesites.com,Female,27,Renault,Clinical Specialist,Drama
Madison,Belt,mbelten@army.mil,Male,35,Mazda,Senior Developer,Thriller
Hube,Trail,htraileo@independent.co.uk,Male,66,Renault,Financial Advisor,Thriller
Keane,Essam,kessamep@smh.com.au,Male,53,Renault,Legal Assistant,Thriller
Lyn,Skures,lskureseq@google.de,Male,67,Renault,Paralegal,Thriller
Skelly,Lamputt,slamputter@ted.com,Male,42,Renault,Account Executive,Drama
Arvy,Enterlein,aenterleines@salon.com,Male,64,Renault,Analog Circuit Design manager,Thriller
Luca,Betteridge,lbetteridgeet@mashable.com,Male,22,Dacia,VP Sales,Thriller
Elroy,Crossby,ecrossbyeu@google.cn,Male,48,Renault,VP Product Management,Romance
Esmaria,Leare,eleareev@go.com,Female,22,Renault,Electrical Engineer,Thriller
Merralee,Leppo,mleppoew@vinaora.com,Female,20,Opel,Assistant Manager,Thriller
Marsh,Hambers,mhambersex@admin.ch,Male,48,Opel,Help Desk Technician,Drama
Noel,Jaqueminet,njaqueminetey@facebook.com,Female,74,Opel,Financial Advisor,Thriller
Emmit,Ambrosio,eambrosioez@mac.com,Male,39,Renault,Human Resources Manager,Thriller
Iosep,Labat,ilabatf0@bing.com,Male,50,Mazda,Safety Technician IV,Comedy
Any,Iashvili,aiashvilif1@nature.com,Male,48,Mazda,Actuary,Thriller
Giulia,Bellerby,gbellerbyf2@seesaa.net,Female,24,Mazda,Programmer II,Comedy
Daven,Chapleo,dchapleof3@posterous.com,Male,42,Renault,Senior Editor,Drama
Carolee,Bilbrooke,cbilbrookef4@weibo.com,Female,28,Renault,Statistician II,Thriller
Lemmie,Pellamont,lpellamontf5@gizmodo.com,Male,38,Renault,Account Representative III,Drama
Inesita,Matkin,imatkinf6@hostgator.com,Female,31,Mazda,Geological Engineer,Thriller
Archaimbaud,Fant,afantf7@cdbaby.com,Male,60,Opel,Junior Executive,Drama
Barry,Gallego,bgallegof8@dot.gov,Male,55,Opel,Research Assistant III,Comedy
Alwin,Mc Meekin,amcmeekinf9@bbb.org,Male,69,Renault,Database Administrator I,Drama
Emmalyn,Penticoot,epenticootfa@psu.edu,Female,50,Renault,Business Systems Development Analyst,Drama
Benjamin,Craine,bcrainefb@cbsnews.com,Male,68,Renault,Nurse Practicioner,Thriller
Rebekah,Averies,raveriesfc@fotki.com,Female,68,Dacia,Mechanical Systems Engineer,Drama
Baird,Fann,bfannfd@spotify.com,Male,21,Renault,Business Systems Development Analyst,Drama
Margaretha,Vanyatin,mvanyatinfe@elpais.com,Female,42,Renault,Quality Control Specialist,Thriller
Dori,Idle,didleff@yahoo.com,Female,39,Renault,Assistant Professor,Drama
Shani,Flye,sflyefg@clickbank.net,Female,21,Renault,Computer Systems Analyst IV,Thriller
Pam,Bissatt,pbissattfh@marketwatch.com,Female,65,Opel,Research Associate,Drama
Nils,Rawlin,nrawlinfi@ehow.com,Male,42,Opel,Account Representative II,Thriller
Johanna,Mulbry,jmulbryfj@amazonaws.com,Female,28,Mazda,Biostatistician III,Drama
Tiebold,Reye,treyefk@cloudflare.com,Male,73,Opel,Database Administrator II,Comedy
Kalvin,Trighton,ktrightonfl@geocities.jp,Male,46,Opel,Account Coordinator,Thriller
Morganica,Huortic,mhuorticfm@themeforest.net,Female,25,Opel,Research Associate,Drama
Roger,Feek,rfeekfn@people.com.cn,Male,52,Mazda,Actuary,Thriller
Stephani,Naulty,snaultyfo@geocities.jp,Female,55,Opel,Administrative Assistant II,Thriller
Charo,Edmons,cedmonsfp@economist.com,Female,33,Ford,Structural Analysis Engineer,Thriller
Meriel,Moden,mmodenfq@dyndns.org,Female,61,Mazda,Geological Engineer,Thriller
Ignacio,Klimashevich,iklimashevichfr@scribd.com,Male,54,Opel,Structural Engineer,Comedy
Morie,McCullock,mmccullockfs@yolasite.com,Male,20,Renault,Chief Design Engineer,Thriller
Fonzie,Ousby,fousbyft@dagondesign.com,Male,59,Renault,Software Test Engineer III,Drama
Erl,Hein,eheinfu@economist.com,Male,23,Renault,VP Marketing,Thriller
Timmie,Klosges,tklosgesfv@blog.com,Male,53,Opel,Librarian,Thriller
Julietta,Kassidy,jkassidyfw@illinois.edu,Female,38,Opel,Operator,Thriller
Amargo,Tatters,atattersfx@oaic.gov.au,Female,68,Ford,Human Resources Assistant I,Thriller
Aron,Killingsworth,akillingsworthfy@sciencedirect.com,Male,37,Opel,Database Administrator II,Drama
Catherina,Janous,cjanousfz@vimeo.com,Female,79,Renault,Quality Engineer,Thriller
Gerladina,Stanyan,gstanyang0@hostgator.com,Female,58,Mazda,Analog Circuit Design manager,Thriller
Alard,Kupisz,akupiszg1@purevolume.com,Male,22,Opel,Associate Professor,Drama
Baird,Moulsdall,bmoulsdallg2@shop-pro.jp,Male,28,Mazda,Financial Analyst,Thriller
Elisabetta,Vautre,evautreg3@smh.com.au,Female,23,Ford,Software Test Engineer III,Drama
Yuri,Nowlan,ynowlang4@pbs.org,Male,37,Renault,VP Quality Control,Thriller
Tiler,Gages,tgagesg5@china.com.cn,Male,55,Opel,Technical Writer,Thriller
Reba,Wishkar,rwishkarg6@usatoday.com,Female,23,Opel,Financial Advisor,Drama
Mick,Caldroni,mcaldronig7@sbwire.com,Male,34,Renault,Help Desk Technician,Horror
Brendin,Smallpiece,bsmallpieceg8@dagondesign.com,Male,41,Renault,Technical Writer,Action
Dolores,Keyson,dkeysong9@google.ru,Female,33,Mazda,Structural Engineer,Thriller
Shay,Keeting,skeetingga@nydailynews.com,Female,22,Renault,Actuary,Romance
Susannah,Hazelby,shazelbygb@hexun.com,Female,63,Renault,Financial Analyst,Thriller
Blake,de Aguirre,bdeaguirregc@mediafire.com,Female,72,Renault,Occupational Therapist,Thriller
Solomon,Bycraft,sbycraftgd@tmall.com,Male,75,Opel,Junior Executive,Drama
Sammy,Macken,smackenge@wikia.com,Male,65,Renault,Electrical Engineer,Comedy
Rafaelia,Woodison,rwoodisongf@adobe.com,Female,61,Mazda,Operator,Thriller
Fifine,Ludy,fludygg@plala.or.jp,Female,70,Renault,Executive Secretary,Comedy
Ammamaria,Pickerin,apickeringh@acquirethisname.com,Female,31,Renault,Business Systems Development Analyst,Thriller
Ignazio,Crick,icrickgi@cafepress.com,Male,26,Opel,Librarian,Thriller
Paxton,Bryers,pbryersgj@ebay.co.uk,Male,65,Mazda,Business Systems Development Analyst,Thriller
Nert,D'eathe,ndeathegk@creativecommons.org,Female,57,Opel,VP Product Management,Thriller
Sonny,Rawsthorne,srawsthornegl@nationalgeographic.com,Male,24,Mazda,VP Quality Control,Thriller
Dame,Stag,dstaggm@cmu.edu,Male,76,Renault,Quality Engineer,Thriller
Moyra,Lightman,mlightmangn@cam.ac.uk,Female,25,Renault,Administrative Assistant I,Drama
Baudoin,Klejna,bklejnago@163.com,Male,24,Opel,Tax Accountant,Drama
Siusan,Schimoni,sschimonigp@weibo.com,Female,49,Opel,Associate Professor,Drama
Marcellus,O'Kynsillaghe,mokynsillaghegq@163.com,Male,60,Renault,Senior Editor,Drama
Archer,Baunton,abauntongr@mit.edu,Male,44,Opel,Information Systems Manager,Drama
Kasey,MacDougal,kmacdougalgs@twitter.com,Female,43,Renault,Food Chemist,Drama
Rosa,Ivashov,rivashovgt@histats.com,Female,62,Renault,Senior Cost Accountant,Comedy
Darcy,Jasper,djaspergu@1688.com,Male,22,Renault,Product Engineer,Comedy
El,Featonby,efeatonbygv@time.com,Male,32,BMW,Pharmacist,Thriller
Georgie,Bonnin,gbonningw@pbs.org,Male,25,Mazda,Research Nurse,Thriller
Julee,Albertson,jalbertsongx@bandcamp.com,Female,75,Opel,Research Nurse,Drama
Wyatan,Sachno,wsachnogy@nytimes.com,Male,77,Renault,Compensation Analyst,Comedy
Johannes,Kyffin,jkyffingz@netlog.com,Male,35,Renault,Financial Advisor,Drama
Yolanda,Boulstridge,yboulstridgeh0@google.ru,Female,62,Ford,Safety Technician II,Drama
La verne,Broschek,lbroschekh1@de.vu,Female,75,Renault,Account Representative III,Drama
Charmaine,Farmloe,cfarmloeh2@squarespace.com,Female,53,Opel,Actuary,Drama
Elnora,Cranton,ecrantonh3@washingtonpost.com,Female,72,Opel,Librarian,Thriller
Tanner,Leupold,tleupoldh4@digg.com,Male,51,Mazda,Nurse,Thriller
Konstantin,Leither,kleitherh5@csmonitor.com,Male,67,Opel,Web Designer I,Thriller
Caprice,Gaffer,cgafferh6@unc.edu,Female,54,Opel,Cost Accountant,Thriller
Flo,Gregs,fgregsh7@cmu.edu,Female,73,Renault,Account Representative II,Drama
Gar,Baiss,gbaissh8@nytimes.com,Male,61,Renault,Quality Engineer,Comedy
Frances,Eudall,feudallh9@shinystat.com,Female,21,Renault,Web Designer III,Thriller
Read,Fever,rfeverha@dailymail.co.uk,Male,32,Renault,Chief Design Engineer,Thriller
Jocelyne,Welbelove,jwelbelovehb@themeforest.net,Female,61,Opel,Occupational Therapist,Thriller
Chrissy,Towson,ctowsonhc@ft.com,Female,33,Renault,Engineer II,Action
Darrick,Tunsley,dtunsleyhd@clickbank.net,Male,69,Renault,Programmer Analyst II,Thriller
Eldredge,Gitsham,egitshamhe@privacy.gov.au,Male,38,Opel,Information Systems Manager,Comedy
Elke,Dawdry,edawdryhf@springer.com,Female,64,Mazda,General Manager,Thriller
Courtnay,Anslow,canslowhg@studiopress.com,Female,54,Renault,Community Outreach Specialist,Drama
Marius,McBrearty,mmcbreartyhh@plala.or.jp,Male,54,Renault,Financial Advisor,Thriller
Stavro,Melesk,smeleskhi@dmoz.org,Male,30,Renault,Financial Advisor,Comedy
Elli,Gartenfeld,egartenfeldhj@rediff.com,Female,62,Mazda,Safety Technician I,Thriller
Lawrence,Ochterlony,lochterlonyhk@lycos.com,Male,45,Renault,Compensation Analyst,Thriller
Sydney,Orts,sortshl@google.fr,Female,20,Renault,Programmer II,Drama
Dukey,Enrico,denricohm@unicef.org,Male,23,Opel,VP Accounting,Drama
Selby,Domican,sdomicanhn@time.com,Male,25,Opel,Clinical Specialist,Thriller
Sax,Britcher,sbritcherho@tripod.com,Male,22,Opel,Teacher,Thriller
Ardelia,Kleinsmuntz,akleinsmuntzhp@soundcloud.com,Female,77,Renault,Software Engineer III,Romance
Maisey,Naisby,mnaisbyhq@godaddy.com,Female,46,Mazda,Geologist I,Drama
Ethe,Gallaher,egallaherhr@exblog.jp,Male,45,Renault,Safety Technician II,Drama
Barrie,Burnyeat,bburnyeaths@guardian.co.uk,Female,25,Renault,Quality Control Specialist,Drama
Flory,Rigts,frigtsht@amazon.co.uk,Female,56,Renault,VP Marketing,Drama
Ladonna,Dyerson,ldyersonhu@shareasale.com,Female,57,Renault,GIS Technical Architect,Comedy
Ari,Stooders,astoodershv@mozilla.com,Male,76,Renault,Physical Therapy Assistant,Thriller
Stanislas,Fontanet,sfontanethw@webmd.com,Male,62,Renault,Graphic Designer,Comedy
Cecily,Jaffra,cjaffrahx@ucoz.com,Female,63,Renault,Tax Accountant,Thriller
Arabelle,Grieger,agriegerhy@deviantart.com,Female,55,Renault,Structural Analysis Engineer,Thriller
Olivette,Waberer,owabererhz@rambler.ru,Female,54,Opel,Office Assistant IV,Thriller
Shurlock,Prettyjohn,sprettyjohni0@istockphoto.com,Male,50,Renault,VP Accounting,Thriller
Sansone,Lanahan,slanahani1@digg.com,Male,42,Fiat,Nurse,Thriller
Tymothy,MacKonochie,tmackonochiei2@wiley.com,Male,22,Opel,Engineer IV,Comedy
Kienan,Garrish,kgarrishi3@github.io,Male,31,Renault,Database Administrator III,Thriller
Dallon,Pentycross,dpentycrossi4@goodreads.com,Male,37,Opel,Environmental Specialist,Thriller
Margie,Hairsnape,mhairsnapei5@ucoz.com,Female,31,Renault,Nurse Practicioner,Thriller
Melvin,Service,mservicei6@fastcompany.com,Male,75,Renault,Civil Engineer,Thriller
Merla,Gouly,mgoulyi7@epa.gov,Female,34,Renault,Administrative Assistant II,Thriller
Kingsly,Spincks,kspincksi8@blog.com,Male,37,Renault,Editor,Drama
Shanie,Rontsch,srontschi9@acquirethisname.com,Female,32,Ford,Geologist I,Thriller
Trenton,Micallef,tmicallefia@ebay.co.uk,Male,26,Renault,Geologist IV,Thriller
Valera,Drioli,vdrioliib@sciencedirect.com,Female,58,Mazda,Chief Design Engineer,Drama
Marcia,McGirl,mmcgirlic@google.de,Female,75,Renault,Senior Quality Engineer,Thriller
Jamil,Dell 'Orto,jdellortoid@nytimes.com,Male,27,Mazda,Research Associate,Horror
Galvin,Spellacey,gspellaceyie@quantcast.com,Male,62,Opel,Human Resources Assistant III,Horror
Amie,Dugget,aduggetif@noaa.gov,Female,55,Opel,Librarian,Thriller
Doy,Curtis,dcurtisig@moonfruit.com,Male,30,Renault,Director of Sales,Thriller
Loreen,Clinnick,lclinnickih@go.com,Female,31,Renault,Computer Systems Analyst IV,Drama
Krystal,Lansdown,klansdownii@cornell.edu,Female,72,Renault,Sales Representative,Thriller
Aristotle,Kelsell,akelsellij@gov.uk,Male,29,Mazda,Human Resources Manager,Thriller
Willy,Manchester,wmanchesterik@sakura.ne.jp,Female,74,Renault,Pharmacist,Thriller
Thekla,Lammerts,tlammertsil@wiley.com,Female,45,Ford,Programmer III,Action
Dore,Esmond,desmondim@ox.ac.uk,Male,43,Opel,Senior Sales Associate,Thriller
Allene,Soughton,asoughtonin@angelfire.com,Female,68,Renault,Senior Cost Accountant,Drama
Ilaire,Runcie,iruncieio@hatena.ne.jp,Male,53,Renault,Pharmacist,Romance
Friedrich,Aksell,faksellip@miitbeian.gov.cn,Male,31,Renault,Civil Engineer,Comedy
Lucille,Wagen,lwageniq@php.net,Female,52,Renault,Operator,Drama
Sarita,Molesworth,smolesworthir@123-reg.co.uk,Female,63,Opel,Payment Adjustment Coordinator,Drama
Derry,Denisyuk,ddenisyukis@jimdo.com,Male,74,Renault,Help Desk Technician,Comedy
Caritta,Lante,clanteit@marriott.com,Female,62,Renault,Analog Circuit Design manager,Thriller
Gerta,Stather,gstatheriu@flavors.me,Female,26,Mazda,Design Engineer,Romance
Tomi,Pedycan,tpedycaniv@quantcast.com,Female,20,Renault,Physical Therapy Assistant,Romance
Keefe,Adamiak,kadamiakiw@xrea.com,Male,43,Ford,Nurse Practicioner,Thriller
Cordula,Shillan,cshillanix@businessinsider.com,Female,46,Renault,Help Desk Technician,Drama
Lavina,Tullis,ltullisiy@shop-pro.jp,Female,39,Ford,Help Desk Technician,Thriller
Wake,Wolver,wwolveriz@elegantthemes.com,Male,51,Renault,Research Nurse,Drama
Agathe,Feldberger,afeldbergerj0@cloudflare.com,Female,65,Renault,Desktop Support Technician,Thriller
Brennen,Caws,bcawsj1@taobao.com,Male,44,Opel,Recruiter,Thriller
Minetta,Tuffrey,mtuffreyj2@surveymonkey.com,Female,28,Renault,Media Manager I,Thriller
Garrett,Bagg,gbaggj3@comsenz.com,Male,56,Mazda,Financial Advisor,Drama
Alfons,Inglefield,ainglefieldj4@uol.com.br,Male,36,Renault,VP Marketing,Romance
Kylie,Marciskewski,kmarciskewskij5@disqus.com,Male,74,Renault,Project Manager,Thriller
Anita,McIlvaney,amcilvaneyj6@networksolutions.com,Female,20,Renault,Project Manager,Comedy
Milicent,Kapelhof,mkapelhofj7@oaic.gov.au,Female,42,Opel,VP Marketing,Drama
Penn,Dallman,pdallmanj8@comcast.net,Male,74,Opel,Systems Administrator IV,Drama
Donn,Jerger,djergerj9@i2i.jp,Male,53,Renault,Web Developer III,Thriller
Blinnie,Larmet,blarmetja@bbc.co.uk,Female,40,Opel,Environmental Specialist,Thriller
Haily,d' Elboux,hdelbouxjb@chronoengine.com,Male,68,Ford,Recruiting Manager,Drama
Chrissie,Eayrs,ceayrsjc@tamu.edu,Male,60,Renault,Graphic Designer,Thriller
Clevey,Leuchars,cleucharsjd@slideshare.net,Male,47,Renault,Computer Systems Analyst II,Drama
Ryley,Biagini,rbiaginije@biglobe.ne.jp,Male,80,Renault,Assistant Professor,Drama
Tyrone,McReedy,tmcreedyjf@e-recht24.de,Male,23,Opel,Tax Accountant,Comedy
Averell,Rogeron,arogeronjg@twitpic.com,Male,72,Renault,Information Systems Manager,Thriller
Dev,Stentiford,dstentifordjh@trellian.com,Male,50,Renault,Data Coordiator,Thriller
Nyssa,Bes,nbesji@nyu.edu,Female,53,Renault,Staff Scientist,Thriller
Dalston,Oag,doagjj@1688.com,Male,69,Renault,Actuary,Thriller
Petronille,Elgey,pelgeyjk@hubpages.com,Female,79,Ford,Software Test Engineer III,Thriller
Worden,Brickwood,wbrickwoodjl@xinhuanet.com,Male,20,Opel,Help Desk Technician,Action
Celinda,Iggo,ciggojm@stumbleupon.com,Female,63,Renault,Accountant I,Comedy
Teodor,Doel,tdoeljn@bloglines.com,Male,72,Fiat,VP Marketing,Drama
Smith,Covelle,scovellejo@storify.com,Male,77,Renault,Paralegal,Drama
Laney,Meffen,lmeffenjp@twitpic.com,Male,37,Ford,Chemical Engineer,Thriller
Leticia,Sanders,lsandersjq@usatoday.com,Female,35,Fiat,Biostatistician IV,Thriller
Gavin,Bursnoll,gbursnolljr@smugmug.com,Male,32,Renault,Environmental Tech,Thriller
Natalya,Corinton,ncorintonjs@github.io,Female,68,Opel,Information Systems Manager,Comedy
Dania,Meachan,dmeachanjt@cnbc.com,Female,37,Opel,Help Desk Technician,Comedy
Chantalle,Reaney,creaneyju@wikimedia.org,Female,60,Renault,Quality Control Specialist,Thriller
Noe,Haskell,nhaskelljv@blogspot.com,Male,69,Opel,Legal Assistant,Thriller
Derward,Fruin,dfruinjw@uiuc.edu,Male,26,Opel,Help Desk Technician,Horror
Fiona,Chotty,fchottyjx@sciencedaily.com,Female,27,Renault,Operator,Romance
Cash,Dadge,cdadgejy@dyndns.org,Male,52,Mazda,Mechanical Systems Engineer,Thriller
Ruthy,Ralph,rralphjz@google.com.hk,Female,46,Opel,Quality Engineer,Thriller
Shaun,Orrey,sorreyk0@xinhuanet.com,Female,71,Ford,Safety Technician II,Thriller
Phip,Pinney,ppinneyk1@odnoklassniki.ru,Male,76,Renault,Social Worker,Drama
Carmelina,Hovington,chovingtonk2@linkedin.com,Female,60,Mazda,Programmer Analyst IV,Comedy
Stefanie,Scola,sscolak3@google.pl,Female,76,Renault,Electrical Engineer,Thriller
Wilmer,Sibbson,wsibbsonk4@bloglovin.com,Male,23,Renault,Recruiting Manager,Thriller
Karna,MacCrachen,kmaccrachenk5@spotify.com,Female,42,Renault,Senior Quality Engineer,Romance
Carlos,Gresser,cgresserk6@dedecms.com,Male,73,Opel,Web Developer I,Thriller
Parke,Delea,pdeleak7@shinystat.com,Male,20,Renault,Mechanical Systems Engineer,Thriller
Fleurette,Mougin,fmougink8@loc.gov,Female,37,Opel,Quality Control Specialist,Action
Iain,Western,iwesternk9@skyrock.com,Male,62,Renault,Payment Adjustment Coordinator,Thriller
Rosalinde,Frift,rfriftka@meetup.com,Female,65,Mazda,Senior Cost Accountant,Thriller
Pauli,Buyers,pbuyerskb@nature.com,Female,26,Dacia,Structural Engineer,Thriller
Kelly,Sailor,ksailorkc@uiuc.edu,Female,49,Ford,Developer I,Comedy
Ferris,Perfect,fperfectkd@vinaora.com,Male,69,Renault,Statistician III,Comedy
Herminia,Di Antonio,hdiantonioke@toplist.cz,Female,30,Mazda,Accountant I,Drama
Concettina,Lundbech,clundbechkf@auda.org.au,Female,34,Renault,Financial Analyst,Thriller
Herc,Klimmek,hklimmekkg@stumbleupon.com,Male,74,Renault,Systems Administrator III,Drama
Eric,Cardinal,ecardinalkh@discovery.com,Male,52,Ford,Data Coordiator,Comedy
Bonnie,Ishaki,bishakiki@paypal.com,Female,43,Ford,Mechanical Systems Engineer,Thriller
Florentia,Deeson,fdeesonkj@hexun.com,Female,49,Ford,Food Chemist,Thriller
Emlen,Risbie,erisbiekk@smh.com.au,Male,22,Renault,Administrative Officer,Thriller
Park,Brasher,pbrasherkl@addthis.com,Male,26,Renault,Research Assistant II,Thriller
Huntley,Spon,hsponkm@dell.com,Male,69,Ford,Nurse Practicioner,Comedy
Ailey,Ellingsworth,aellingsworthkn@webmd.com,Female,69,Renault,Librarian,Drama
Kliment,Daens,kdaensko@php.net,Male,55,Opel,Research Associate,Thriller
Paulie,Borsay,pborsaykp@sogou.com,Female,39,Opel,Software Consultant,Drama
Lydia,Arunowicz,larunowiczkq@ca.gov,Female,47,Renault,Help Desk Operator,Drama
Henryetta,Lammerich,hlammerichkr@squidoo.com,Female,20,Opel,Quality Engineer,Drama
Ara,Delacourt,adelacourtks@sciencedaily.com,Female,45,Opel,Cost Accountant,Comedy
Oneida,Bielfeldt,obielfeldtkt@aboutads.info,Female,75,Opel,Administrative Officer,Thriller
Alfons,Caplin,acaplinku@disqus.com,Male,79,Renault,Senior Sales Associate,Drama
Lilyan,Springthorp,lspringthorpkv@uiuc.edu,Female,52,Opel,Teacher,Comedy
Andreas,Pellingar,apellingarkw@topsy.com,Male,67,Renault,Nuclear Power Engineer,Action
Maryjo,Common,mcommonkx@booking.com,Female,76,Opel,Desktop Support Technician,Drama
Alphonse,Hankard,ahankardky@salon.com,Male,50,Opel,Systems Administrator IV,Thriller
Hubert,Braunston,hbraunstonkz@discovery.com,Male,29,Renault,Administrative Officer,Drama
Ebeneser,Minifie,eminifiel0@salon.com,Male,58,Opel,Human Resources Manager,Drama
Llywellyn,Eadmeades,leadmeadesl1@stumbleupon.com,Male,65,Renault,Food Chemist,Thriller
Sisely,Bidnall,sbidnalll2@harvard.edu,Female,33,Ford,Librarian,Drama
Blondy,Kermath,bkermathl3@amazon.de,Female,47,Renault,Structural Engineer,Action
Libby,Dumingo,ldumingol4@spiegel.de,Female,50,Opel,Business Systems Development Analyst,Drama
Martha,Caldicot,mcaldicotl5@squidoo.com,Female,20,Renault,Actuary,Thriller
Rhiamon,Chugg,rchuggl6@nationalgeographic.com,Female,21,Mazda,Financial Advisor,Thriller
Marshal,Jore,mjorel7@businessweek.com,Male,74,Ford,Account Representative III,Drama
Archibold,Whitfeld,awhitfeldl8@dropbox.com,Male,42,Mazda,Human Resources Assistant III,Comedy
Glennie,Youel,gyouell9@boston.com,Female,27,Renault,Recruiter,Comedy
Fitz,Sorensen,fsorensenla@google.fr,Male,28,Renault,Internal Auditor,Thriller
Jorrie,Priddle,jpriddlelb@archive.org,Female,52,Opel,Teacher,Drama
Lorens,de Lloyd,ldelloydlc@surveymonkey.com,Male,26,Renault,Product Engineer,Comedy
Dorey,Barwell,dbarwellld@arizona.edu,Female,75,Opel,Software Consultant,Thriller
Allyn,Stuart,astuartle@creativecommons.org,Male,29,Mazda,Legal Assistant,Drama
Sashenka,Plows,splowslf@usgs.gov,Female,36,Renault,Developer IV,Thriller
Fredrick,Ruscoe,fruscoelg@qq.com,Male,68,Opel,Senior Quality Engineer,Action
Herculie,Tristram,htristramlh@reddit.com,Male,30,Mazda,Civil Engineer,Thriller
Moyna,Corsor,mcorsorli@google.it,Female,59,Opel,Research Associate,Romance
Denney,Piecha,dpiechalj@yolasite.com,Male,31,Mazda,Research Assistant I,Drama
Alessandro,Gowing,agowinglk@bloomberg.com,Male,47,Renault,Assistant Media Planner,Drama
Lowell,Brigshaw,lbrigshawll@shutterfly.com,Male,56,Renault,Assistant Media Planner,Thriller
Leontine,Ausiello,lausiellolm@freewebs.com,Female,50,Ford,Information Systems Manager,Thriller
Doralin,Paige,dpaigeln@icq.com,Female,63,Mazda,Accountant IV,Comedy
Gnni,Borgesio,gborgesiolo@twitpic.com,Female,77,Dacia,Staff Scientist,Thriller
Berkeley,Grimsdell,bgrimsdelllp@altervista.org,Male,54,Mazda,Automation Specialist III,Drama
Greggory,Zecchinii,gzecchiniilq@addthis.com,Male,50,Opel,Environmental Specialist,Comedy
Chad,Tettley,ctettleylr@wiley.com,Male,30,Mazda,Legal Assistant,Thriller
Fay,Wanden,fwandenls@bizjournals.com,Female,67,Renault,Information Systems Manager,Drama
Milzie,Mowbury,mmowburylt@vkontakte.ru,Female,38,Opel,Media Manager IV,Thriller
Solomon,Rowden,srowdenlu@adobe.com,Male,53,Ford,Mechanical Systems Engineer,Action
Taryn,Keddie,tkeddielv@wordpress.org,Female,61,Opel,Software Consultant,Thriller
Carolann,Astill,castilllw@fda.gov,Female,46,Renault,Speech Pathologist,Thriller
Neely,Gero,ngerolx@smugmug.com,Female,52,Mazda,Teacher,Drama
Spike,Choudhury,schoudhuryly@google.ru,Male,37,Ford,General Manager,Action
Shelley,Hully,shullylz@google.fr,Male,67,Renault,Web Designer III,Comedy
Imogene,Clynter,iclynterm0@hud.gov,Female,65,Opel,Research Associate,Thriller
Anderea,Jeaffreson,ajeaffresonm1@nationalgeographic.com,Female,64,Opel,GIS Technical Architect,Thriller
Maxi,Haney`,mhaneym2@globo.com,Female,25,Mazda,Paralegal,Drama
Kippar,Bernade,kbernadem3@wordpress.com,Male,65,Renault,Food Chemist,Drama
Costa,Lampe,clampem4@youtu.be,Male,44,Renault,Electrical Engineer,Thriller
Ellen,Waddam,ewaddamm5@independent.co.uk,Female,37,Renault,Administrative Assistant II,Action
Karol,Manes,kmanesm6@sciencedaily.com,Female,59,Opel,Senior Financial Analyst,Thriller
Templeton,Beauchamp,tbeauchampm7@google.it,Male,28,Renault,VP Marketing,Comedy
Annadiana,Potkins,apotkinsm8@bizjournals.com,Female,28,Fiat,Research Assistant I,Comedy
Mozes,McDonnell,mmcdonnellm9@pcworld.com,Male,21,Opel,Senior Editor,Thriller
Bay,Sisselot,bsisselotma@spotify.com,Male,38,Renault,Staff Accountant III,Drama
Shina,Burchall,sburchallmb@nps.gov,Female,21,Renault,Assistant Professor,Thriller
Nathalie,Gritland,ngritlandmc@tmall.com,Female,57,Renault,Recruiter,Action
Barbabas,Lejeune,blejeunemd@squarespace.com,Male,72,Renault,Senior Editor,Thriller
Cherlyn,Belcham,cbelchamme@goodreads.com,Female,38,Renault,Staff Scientist,Action
Edouard,Turfs,eturfsmf@phpbb.com,Male,80,Renault,VP Product Management,Comedy
Jocko,Chalcot,jchalcotmg@xrea.com,Male,65,Renault,Civil Engineer,Drama
Prince,Nockles,pnocklesmh@webeden.co.uk,Male,49,Opel,Database Administrator III,Thriller
Sibella,Ratnege,sratnegemi@lulu.com,Female,24,Opel,Database Administrator I,Thriller
Nydia,Lythgoe,nlythgoemj@fema.gov,Female,55,Mazda,Design Engineer,Romance
Shaine,Duddle,sduddlemk@paypal.com,Female,69,Renault,Nuclear Power Engineer,Thriller
Anastassia,Maryin,amaryinml@soup.io,Female,62,Opel,Mechanical Systems Engineer,Thriller
Clemmie,Rance,crancemm@fema.gov,Female,73,Renault,Quality Engineer,Comedy
Kynthia,Lautie,klautiemn@ehow.com,Female,34,Opel,Business Systems Development Analyst,Thriller
Sandro,Claeskens,sclaeskensmo@icio.us,Male,33,Ford,Compensation Analyst,Drama
Haven,Symington,hsymingtonmp@dot.gov,Male,66,Renault,Analog Circuit Design manager,Thriller
Ignaz,Kybird,ikybirdmq@ifeng.com,Male,49,Renault,Software Engineer IV,Thriller
Lorrie,Pascall,lpascallmr@google.com.hk,Male,44,Opel,Business Systems Development Analyst,Comedy
Allyn,Anthes,aanthesms@themeforest.net,Female,20,Ford,Compensation Analyst,Action
Delora,Skeemor,dskeemormt@jalbum.net,Female,37,Renault,Structural Analysis Engineer,Action
Karole,Brimilcombe,kbrimilcombemu@list-manage.com,Female,33,Renault,Cost Accountant,Thriller
Emlyn,Sparshott,esparshottmv@ocn.ne.jp,Female,56,Renault,Analyst Programmer,Drama
Rickie,Tommis,rtommismw@typepad.com,Female,51,Opel,Senior Sales Associate,Action
Joellyn,Siggins,jsigginsmx@webeden.co.uk,Female,68,Ford,Statistician I,Action
Andre,Sallis,asallismy@edublogs.org,Male,80,Ford,Teacher,Drama
Vernice,McGerr,vmcgerrmz@businessweek.com,Female,51,Renault,Registered Nurse,Thriller
Ardelle,Renvoise,arenvoisen0@usda.gov,Female,78,Renault,Analyst Programmer,Thriller
Abel,Kayley,akayleyn1@dropbox.com,Male,59,Opel,Safety Technician II,Drama
Estell,Prazer,eprazern2@lycos.com,Female,27,Opel,Technical Writer,Thriller
Boyce,Kenwright,bkenwrightn3@yahoo.com,Male,76,Renault,Administrative Officer,Thriller
Courtnay,Seavers,cseaversn4@jiathis.com,Male,79,Renault,Senior Sales Associate,Thriller
Eve,Studart,estudartn5@is.gd,Female,43,Renault,Compensation Analyst,Drama
Chester,Penny,cpennyn6@mlb.com,Male,58,Opel,Pharmacist,Thriller
Palm,Coulthard,pcoulthardn7@soup.io,Male,79,Renault,Software Engineer IV,Comedy
Antonia,Eaklee,aeakleen8@google.it,Female,76,Ford,VP Sales,Drama
Ritchie,Fanstone,rfanstonen9@youtu.be,Male,67,Fiat,Sales Associate,Thriller
Bo,Mortlock,bmortlockna@domainmarket.com,Male,30,Mazda,Geologist II,Thriller
Zolly,Vaissiere,zvaissierenb@last.fm,Male,24,Renault,Accounting Assistant II,Romance
Svend,Klaussen,sklaussennc@cdc.gov,Male,36,Opel,Design Engineer,Comedy
Raynell,Jolly,rjollynd@google.co.jp,Female,35,Renault,Web Developer IV,Thriller
Berne,Fike,bfikene@reuters.com,Male,52,Renault,Quality Control Specialist,Comedy
Turner,Plaistowe,tplaistowenf@google.com.hk,Male,53,Opel,Recruiter,Romance
Robbin,Pimblotte,rpimblotteng@weather.com,Female,35,Renault,Automation Specialist II,Drama
Mano,Elvin,melvinnh@jigsy.com,Male,50,Opel,Payment Adjustment Coordinator,Thriller
Sigismondo,Crumly,scrumlyni@ow.ly,Male,42,Opel,Financial Analyst,Thriller
Beverley,Jewitt,bjewittnj@pagesperso-orange.fr,Female,39,Renault,Structural Analysis Engineer,Drama
Dina,Matchitt,dmatchittnk@wufoo.com,Female,58,Renault,Staff Accountant I,Thriller
Toby,Wroth,twrothnl@delicious.com,Female,54,Renault,Structural Analysis Engineer,Thriller
Rossy,Gobbet,rgobbetnm@zdnet.com,Male,75,Ford,Account Representative II,Drama
Benedetto,Lanham,blanhamnn@gravatar.com,Male,65,Renault,VP Marketing,Comedy
Carree,Slora,cslorano@examiner.com,Female,24,Opel,Editor,Drama
Gav,Dowry,gdowrynp@mozilla.com,Male,48,Renault,Mechanical Systems Engineer,Thriller
Hans,Duckering,hduckeringnq@meetup.com,Male,25,Renault,Information Systems Manager,Thriller
Ev,Clausius,eclausiusnr@ox.ac.uk,Male,62,Opel,Actuary,Drama
Ysabel,Van Merwe,yvanmerwens@instagram.com,Female,40,Opel,Senior Editor,Horror
Clint,Dunbobbin,cdunbobbinnt@java.com,Male,76,Renault,VP Marketing,Thriller
Edward,Swafield,eswafieldnu@senate.gov,Male,47,Renault,VP Accounting,Thriller
Hasty,Fance,hfancenv@devhub.com,Male,66,Opel,Compensation Analyst,Romance
Keelby,Phorsby,kphorsbynw@trellian.com,Male,41,Opel,Quality Engineer,Drama
Garwood,Grisard,ggrisardnx@businessinsider.com,Male,58,Ford,Electrical Engineer,Thriller
Torin,Crissil,tcrissilny@amazonaws.com,Male,51,Renault,Operator,Thriller
Fredi,Aikman,faikmannz@odnoklassniki.ru,Female,30,Renault,Senior Sales Associate,Comedy
Valentino,Vonderdell,vvonderdello0@spotify.com,Male,31,Opel,Programmer Analyst IV,Thriller
Dollie,Hegel,dhegelo1@samsung.com,Female,24,Renault,Food Chemist,Thriller
Judith,Donnachie,jdonnachieo2@so-net.ne.jp,Female,70,Renault,Professor,Thriller
Dennet,Wicher,dwichero3@theguardian.com,Male,52,Mazda,Food Chemist,Thriller
Maxy,Peschmann,mpeschmanno4@narod.ru,Male,51,Renault,Senior Developer,Romance
Scott,Briggdale,sbriggdaleo5@twitter.com,Male,80,Fiat,Cost Accountant,Thriller
Rhonda,Gawn,rgawno6@symantec.com,Female,33,Opel,Data Coordiator,Thriller
Worth,Dufore,wduforeo7@netvibes.com,Male,38,Renault,Environmental Specialist,Thriller
Randee,Dodgshun,rdodgshuno8@gnu.org,Female,27,Renault,Staff Scientist,Drama
Waldo,Growcock,wgrowcocko9@twitter.com,Male,55,Renault,Staff Accountant III,Drama
Gail,Abade,gabadeoa@bigcartel.com,Female,72,Opel,Executive Secretary,Horror
Winthrop,Plet,wpletob@amazon.co.uk,Male,48,Renault,Research Assistant I,Thriller
Tristan,Halleybone,thalleyboneoc@shop-pro.jp,Male,45,Ford,Senior Cost Accountant,Thriller
Duke,Cutmore,dcutmoreod@issuu.com,Male,75,Ford,Speech Pathologist,Comedy
Cyrill,Shewen,cshewenoe@vimeo.com,Male,60,Opel,Accounting Assistant II,Thriller
Carie,Blackleech,cblackleechof@tuttocitta.it,Female,28,Mazda,Occupational Therapist,Thriller
Mikael,Murrison,mmurrisonog@vkontakte.ru,Male,59,Renault,Geologist I,Romance
Brook,Roulston,broulstonoh@timesonline.co.uk,Male,64,Renault,Occupational Therapist,Drama
Isiahi,Dumphy,idumphyoi@blogger.com,Male,69,Renault,Database Administrator IV,Thriller
Hilario,Vitet,hvitetoj@hud.gov,Male,66,Renault,Senior Financial Analyst,Thriller
Brett,Wheelband,bwheelbandok@cdbaby.com,Female,69,Renault,Statistician IV,Thriller
Wendeline,Piegrome,wpiegromeol@psu.edu,Female,67,Renault,Pharmacist,Drama
Marguerite,Raynham,mraynhamom@de.vu,Female,26,Mazda,Account Coordinator,Drama
Lilah,Aindriu,laindriuon@illinois.edu,Female,45,Renault,Operator,Action
Vernor,Meadowcraft,vmeadowcraftoo@netscape.com,Male,80,Ford,Safety Technician II,Drama
Walden,Nelsey,wnelseyop@jimdo.com,Male,30,Mazda,Nurse Practicioner,Drama
Rawley,Cobbing,rcobbingoq@geocities.com,Male,49,Opel,Pharmacist,Action
Tedie,Gimlet,tgimletor@jalbum.net,Male,33,Opel,General Manager,Thriller
Rolph,Tydeman,rtydemanos@bigcartel.com,Male,45,Opel,Librarian,Thriller
Marchelle,Offener,moffenerot@redcross.org,Female,43,Renault,Physical Therapy Assistant,Thriller
Shay,Levey,sleveyou@mapquest.com,Male,22,Opel,Civil Engineer,Thriller
Bab,Maffioni,bmaffioniov@bbb.org,Female,50,Renault,Staff Accountant IV,Drama
Mersey,Catling,mcatlingow@hud.gov,Female,43,Opel,Recruiting Manager,Drama
Rutledge,Toyne,rtoyneox@github.com,Male,43,Mazda,Junior Executive,Thriller
Zacharias,Bywater,zbywateroy@sun.com,Male,67,Renault,Food Chemist,Thriller
Freddie,Human,fhumanoz@loc.gov,Male,61,Opel,Quality Control Specialist,Thriller
Hercules,Wooller,hwoollerp0@canalblog.com,Male,26,Renault,Librarian,Thriller
Wyn,Hacquard,whacquardp1@typepad.com,Male,60,Renault,Help Desk Operator,Action
Kerwin,Petrik,kpetrikp2@multiply.com,Male,69,Renault,Executive Secretary,Drama
Nessie,Gibben,ngibbenp3@baidu.com,Female,56,Opel,Structural Engineer,Thriller
Merilee,Davey,mdaveyp4@tuttocitta.it,Female,47,Dacia,Associate Professor,Romance
Tammi,Haville,thavillep5@fc2.com,Female,26,Mazda,Assistant Professor,Drama
Marchall,Pilling,mpillingp6@noaa.gov,Male,60,Renault,Occupational Therapist,Thriller
Aurthur,Dublin,adublinp7@reddit.com,Male,54,Renault,Analog Circuit Design manager,Comedy
Nerissa,Solly,nsollyp8@blogspot.com,Female,40,Ford,Biostatistician IV,Drama
Hoebart,Bedham,hbedhamp9@delicious.com,Male,79,Renault,General Manager,Thriller
Charmane,Wichard,cwichardpa@wunderground.com,Female,40,Opel,Web Developer III,Comedy
Ellen,Wildish,ewildishpb@1und1.de,Female,34,Renault,Business Systems Development Analyst,Thriller
Odella,Mintoft,omintoftpc@shop-pro.jp,Female,41,Ford,Senior Quality Engineer,Thriller
Wendye,Rook,wrookpd@home.pl,Female,37,Ford,Clinical Specialist,Thriller
Muffin,Chesworth,mchesworthpe@flickr.com,Male,27,Renault,Accounting Assistant III,Romance
Earle,Honatsch,ehonatschpf@youku.com,Male,29,Opel,Sales Representative,Thriller
Perl,Guenther,pguentherpg@theglobeandmail.com,Female,38,Mazda,Operator,Thriller
Dominic,Abercrombie,dabercrombieph@goodreads.com,Male,31,Renault,Safety Technician I,Drama
Kelby,Pusey,kpuseypi@upenn.edu,Male,56,Renault,Cost Accountant,Action
Patty,Ragsdale,pragsdalepj@icq.com,Male,37,Renault,Account Coordinator,Thriller
Hali,Stephenson,hstephensonpk@elpais.com,Female,80,Renault,Civil Engineer,Thriller
Brooks,Shortall,bshortallpl@last.fm,Male,51,Renault,Account Coordinator,Romance
Ethelred,Simonsen,esimonsenpm@chron.com,Male,20,Renault,Programmer II,Drama
Ola,Manlow,omanlowpn@forbes.com,Female,54,Ford,Web Designer IV,Thriller
Alexina,Farens,afarenspo@go.com,Female,36,Opel,Research Assistant II,Comedy
Quent,Farrey,qfarreypp@theatlantic.com,Male,38,Renault,Geological Engineer,Drama
Wenonah,Chittem,wchittempq@oracle.com,Female,79,Ford,Assistant Professor,Drama
Jeanine,Boules,jboulespr@naver.com,Female,77,Renault,Director of Sales,Comedy
York,Keasley,ykeasleyps@behance.net,Male,55,Opel,Staff Accountant IV,Thriller
Rahal,Codron,rcodronpt@phpbb.com,Female,43,Renault,Software Engineer IV,Thriller
Daisi,Adriani,dadrianipu@amazon.co.uk,Female,42,Renault,Environmental Specialist,Thriller
Kelsi,Platts,kplattspv@php.net,Female,53,Opel,Assistant Media Planner,Thriller
Taddeo,Dundridge,tdundridgepw@soup.io,Male,52,Renault,Librarian,Thriller
Deloria,Cannam,dcannampx@fastcompany.com,Female,34,Renault,Database Administrator IV,Thriller
Howard,Casterton,hcastertonpy@myspace.com,Male,72,Mazda,VP Product Management,Thriller
Cissy,Drinkhill,cdrinkhillpz@phoca.cz,Female,39,Renault,Human Resources Assistant I,Comedy
Thea,Feldmus,tfeldmusq0@symantec.com,Female,32,Renault,GIS Technical Architect,Drama
Gabbie,Thormann,gthormannq1@huffingtonpost.com,Female,54,Mazda,Nuclear Power Engineer,Thriller
Rosamund,Greenroad,rgreenroadq2@mysql.com,Female,30,Renault,Financial Analyst,Drama
Jennifer,Bruff,jbruffq3@salon.com,Female,45,Renault,Community Outreach Specialist,Thriller
Caye,Brigge,cbriggeq4@nifty.com,Female,76,Ford,Quality Engineer,Thriller
Erminie,Gorgler,egorglerq5@topsy.com,Female,80,Mazda,Web Designer I,Thriller
Orelle,Keller,okellerq6@ft.com,Female,46,Renault,Budget/Accounting Analyst II,Thriller
Aurel,Varsey,avarseyq7@unc.edu,Female,20,Opel,VP Quality Control,Drama
Syman,Parradine,sparradineq8@themeforest.net,Male,27,Renault,Account Executive,Thriller
Waldon,Grushin,wgrushinq9@toplist.cz,Male,69,Renault,Budget/Accounting Analyst I,Comedy
Jacinthe,Give,jgiveqa@cnbc.com,Female,55,Renault,Programmer III,Thriller
Nilson,Marlin,nmarlinqb@nih.gov,Male,39,Renault,Geological Engineer,Thriller
Federica,McIlriach,fmcilriachqc@dagondesign.com,Female,63,Renault,VP Quality Control,Thriller
Tracy,Potkins,tpotkinsqd@berkeley.edu,Male,57,Mazda,VP Accounting,Comedy
Hermie,Verrico,hverricoqe@si.edu,Male,23,Opel,Developer II,Thriller
Ada,Oxbrow,aoxbrowqf@vistaprint.com,Female,73,Renault,Research Nurse,Thriller
Pavlov,Hedley,phedleyqg@ebay.co.uk,Male,29,Renault,VP Sales,Drama
Mariann,Wix,mwixqh@prnewswire.com,Female,50,Renault,Computer Systems Analyst IV,Drama
Roda,Bamborough,rbamboroughqi@list-manage.com,Female,56,Opel,Programmer Analyst II,Thriller
Justinian,Canfer,jcanferqj@techcrunch.com,Male,63,Mazda,Staff Scientist,Comedy
Lucienne,Parsons,lparsonsqk@uol.com.br,Female,53,Renault,VP Accounting,Thriller
Emmi,Minchinton,eminchintonql@globo.com,Female,58,Renault,Nuclear Power Engineer,Thriller
Carleton,Mehmet,cmehmetqm@github.io,Male,30,Fiat,Programmer Analyst II,Thriller
Valery,Labitt,vlabittqn@mail.ru,Female,24,Renault,Editor,Drama
Guglielmo,Wattam,gwattamqo@networkadvertising.org,Male,41,Renault,Physical Therapy Assistant,Drama
Cletus,Pilch,cpilchqp@hao123.com,Male,74,Renault,Accounting Assistant III,Drama
Clemente,Angeau,cangeauqq@exblog.jp,Male,36,Renault,Budget/Accounting Analyst II,Action
Dorisa,Hannaway,dhannawayqr@tumblr.com,Female,57,Mazda,Office Assistant IV,Comedy
Florenza,McConigal,fmcconigalqs@narod.ru,Female,61,Opel,Database Administrator II,Comedy
Tobit,Kinchlea,tkinchleaqt@army.mil,Male,41,Renault,Geological Engineer,Thriller
Iris,Hockey,ihockeyqu@google.com.br,Female,38,Renault,Clinical Specialist,Thriller
Alexandrina,Brothwood,abrothwoodqv@stumbleupon.com,Female,36,Renault,Physical Therapy Assistant,Drama
Miner,Naulls,mnaullsqw@discuz.net,Male,52,Opel,VP Sales,Thriller
Nye,Shilstone,nshilstoneqx@goo.gl,Male,59,Renault,Director of Sales,Thriller
Sylvester,Seary,ssearyqy@bandcamp.com,Male,32,Opel,Speech Pathologist,Thriller
Deane,Ricketts,drickettsqz@amazon.de,Male,55,Fiat,Social Worker,Thriller
Randal,Wardington,rwardingtonr0@fema.gov,Male,42,Renault,VP Accounting,Thriller
Kylie,Jentgens,kjentgensr1@deliciousdays.com,Female,30,Opel,Media Manager II,Drama
Marisa,Geroldi,mgeroldir2@wix.com,Female,79,Mazda,Paralegal,Drama
Hattie,Westbury,hwestburyr3@about.com,Female,49,Opel,Account Executive,Action
Davon,Cotterrill,dcotterrillr4@weibo.com,Male,20,Renault,Technical Writer,Thriller
Scotti,Syalvester,ssyalvesterr5@squidoo.com,Male,76,Fiat,Help Desk Technician,Thriller
Reinold,Unthank,runthankr6@blogger.com,Male,43,Opel,Senior Financial Analyst,Thriller
Meade,Kohrt,mkohrtr7@seattletimes.com,Male,77,Ford,Chief Design Engineer,Thriller
Joseph,Heads,jheadsr8@netscape.com,Male,33,Opel,Structural Engineer,Thriller
Radcliffe,Schoular,rschoularr9@prweb.com,Male,35,Renault,Analog Circuit Design manager,Horror
Brocky,Manach,bmanachra@e-recht24.de,Male,26,Renault,Structural Engineer,Thriller
Katti,Pashbee,kpashbeerb@house.gov,Female,75,Renault,Marketing Assistant,Drama
Truman,Anelay,tanelayrc@csmonitor.com,Male,55,Ford,Staff Accountant IV,Thriller
Tedd,Esplin,tesplinrd@tuttocitta.it,Male,34,Opel,Pharmacist,Thriller
Stewart,Rominov,srominovre@ibm.com,Male,47,Mazda,Sales Representative,Thriller
Benoit,Fearon,bfearonrf@umn.edu,Male,26,Ford,Senior Editor,Thriller
Ginger,Challiner,gchallinerrg@foxnews.com,Male,70,Ford,Civil Engineer,Thriller
Edward,McNuff,emcnuffrh@fastcompany.com,Male,58,Renault,Librarian,Drama
Blithe,Mattevi,bmatteviri@baidu.com,Female,65,Renault,Web Designer I,Thriller
Faina,Cleary,fclearyrj@senate.gov,Female,26,BMW,Clinical Specialist,Thriller
Raul,Coling,rcolingrk@utexas.edu,Male,27,Renault,Executive Secretary,Thriller
Sully,Leeke,sleekerl@ucoz.ru,Male,71,Renault,VP Marketing,Comedy
Trixi,Lamshead,tlamsheadrm@freewebs.com,Female,39,Opel,Accountant IV,Comedy
Courtney,Strewther,cstrewtherrn@huffingtonpost.com,Male,68,Renault,Administrative Officer,Thriller
Lily,Frostick,lfrostickro@51.la,Female,38,Renault,Account Representative IV,Thriller
Marcelle,McGrowther,mmcgrowtherrp@washingtonpost.com,Female,72,Ford,Administrative Assistant IV,Horror
Dacey,Zecchinii,dzecchiniirq@google.ca,Female,79,Ford,Business Systems Development Analyst,Drama
Tammy,Jesson,tjessonrr@ucla.edu,Male,58,Renault,Operator,Thriller
