id,first_name,last_name,email,gender,car,job,favourite_film 
1,Gerrie,Odom,godom0@webnode.com,Male,Renault,Chemical Engineer,Thriller
2,Ofilia,Pidgin,opidgin1@statcounter.com,Female,Ford,Environmental Specialist,Romance
3,Eugenio,Fenelon,efenelon2@mysql.com,Male,Renault,Associate Professor,Thriller
4,Sheila,Harpur,sharpur3@wikimedia.org,Female,Renault,Research Nurse,Thriller
5,Grazia,Lafaye,glafaye4@cbslocal.com,Female,Renault,Environmental Specialist,Drama
6,Melodie,Woodward,mwoodward5@archive.org,Female,Renault,Speech Pathologist,Drama
7,Mycah,Rossoni,mrossoni6@over-blog.com,Male,Renault,Senior Quality Engineer,Thriller
8,Winnie,Zanazzi,wzanazzi7@sitemeter.com,Female,Opel,Quality Control Specialist,Thriller
9,Christiane,Bambery,cbambery8@themeforest.net,Female,Renault,Associate Professor,Horror
10,Hyman,Gunther,hgunther9@gravatar.com,Male,Opel,Web Designer IV,Drama
11,Simmonds,Rugge,sruggea@icq.com,Male,Renault,Structural Analysis Engineer,Thriller
12,Benny,Seals,bsealsb@flickr.com,Male,Renault,Human Resources Manager,Thriller
13,Tabbatha,Collingham,tcollinghamc@harvard.edu,Female,Opel,Executive Secretary,Thriller
14,Bobine,Maseyk,bmaseykd@independent.co.uk,Female,Opel,Structural Analysis Engineer,Drama
15,Sonya,Botham,sbothame@vimeo.com,Female,Mazda,VP Sales,Thriller
16,Jori,Stopford,jstopfordf@nationalgeographic.com,Female,Dacia,Help Desk Technician,Thriller
17,Zelma,Gorusso,zgorussog@oracle.com,Female,Opel,Information Systems Manager,Thriller
18,Bale,Fleeming,bfleemingh@t-online.de,Male,Renault,Information Systems Manager,Thriller
19,Kirsten,Castri,kcastrii@guardian.co.uk,Female,Renault,General Manager,Drama
20,Hildagarde,Boothebie,hboothebiej@ifeng.com,Female,Mazda,Graphic Designer,Drama
